Barcode,cluster_dim30_k7,cluster_dim30_k8,cluster_dim35_k7,cluster_dim35_k8,cluster_dim40_k7,cluster_dim40_k8,cluster_dim45_k7,cluster_dim45_k8,cluster_dim50_k7,cluster_dim50_k8
GGACGTAGTTGACTAT,0,5,1,1,5,4,1,4,1,6
GTCCTGCCACTTCTAC,0,5,1,1,5,4,1,4,1,6
GGCCAGAGCATCAAGC,2,0,3,7,2,5,5,6,1,0
ATGCCTGGTCCATTGG,0,5,1,1,5,4,1,4,1,6
AGTACCATTCAGATAC,0,5,1,1,5,4,1,4,1,6
TTGGCCTCCCTCGTTG,2,0,3,7,2,5,5,6,1,0
GAAGGCGCTACTAAGT,0,5,1,1,5,4,1,4,1,6
GAAGGCGCGTTCAGAA,0,5,1,1,5,4,1,4,1,6
ATGCCTGGTCGGAGTT,0,5,1,1,5,4,1,4,1,6
GCCTTGCTTGGACTGC,0,5,1,1,5,4,1,4,1,6
CCTCTAGACTTCTTAC,2,0,3,7,2,5,5,6,1,0
GTCCTGCCATCCGCGA,2,0,3,7,2,5,5,6,1,0
AGTACCATAGAGAGCC,2,0,3,7,2,5,5,6,1,0
GGACGTAGCCTCGTTG,2,0,3,7,2,5,5,6,1,0
ACGACTTCCTTCTTAC,2,0,3,7,2,5,5,6,1,0
AGTACCATACTTCTAC,2,0,3,7,2,5,5,6,1,0
GTTAGGACGTAGAATG,5,2,2,4,4,7,3,5,4,5
AGTACCATCAATCTTG,0,5,1,1,5,4,1,4,1,6
GTTAGGACCTTCTTAC,2,0,3,7,2,5,5,6,1,0
GGCCAGAGACCATTAT,2,0,3,7,2,5,5,6,1,0
GCCTTGCTCTTCTTAC,0,5,1,1,5,4,1,4,1,6
CTTCATGATCAGATAC,2,0,3,7,2,5,5,6,1,0
TTGGCCTCGTTCAGAA,0,5,1,1,5,4,1,4,1,6
ACGACTTCCCTTGAGC,0,5,1,1,5,4,1,4,1,6
GTTAGGACCATCAAGC,5,2,2,4,4,7,3,5,4,5
GCCTTGCTTCGCTAGG,2,0,3,7,2,5,5,6,4,0
TTAGAAGTACCATTAT,2,0,3,7,2,5,5,6,1,0
TTGGCCTCCGTTGGTT,2,0,3,7,2,5,5,6,4,0
AATGGTAATTGACTAT,2,0,3,7,2,5,5,6,1,0
GTACCGTATCAGATAC,5,2,2,4,4,7,3,5,4,5
ATGCCTGGACCATTAT,5,2,2,4,4,7,3,5,4,5
ACGACTTCTCCAGACT,2,0,3,7,2,5,5,6,1,0
AAGTTCGTACCATTAT,2,0,3,7,2,5,5,6,1,0
GGACGTAGTGGCGGTT,0,5,1,1,5,4,1,4,1,6
TTAGAAGTCGTTGGTT,2,0,3,7,2,5,5,6,1,0
AAGTTCGTTTCAAGCC,0,5,1,1,5,4,1,4,1,6
TTAGAAGTCTTAGTTC,0,5,1,1,5,4,1,4,1,6
GCCTTGCTGTTCAACT,2,0,3,7,2,5,5,6,1,0
AATGGTAACGTTGGTT,2,0,3,7,2,5,5,6,1,0
GGACGTAGTCCTTATT,2,0,3,7,2,5,5,6,1,0
GTCCTGCCTGGCGGTT,2,2,3,7,4,5,3,6,4,5
GGACGTAGCAATCTTG,2,0,3,7,2,5,5,6,1,0
GGACGTAGCTGAGGTT,0,5,1,1,5,4,1,4,1,6
GTTAGGACGTTCAACT,0,5,1,1,5,4,1,4,1,6
CCAGAGCGCTATCGTT,0,5,1,1,5,4,1,4,1,6
GTTAGGACTGGCGGTT,5,2,2,4,4,7,3,5,4,5
CTTCATGATGCAGTTG,2,0,3,7,2,5,5,6,1,0
GAAGGCGCCGAGCTTC,2,0,3,7,2,5,5,6,1,0
GGCCAGAGTCCTTATT,0,5,1,1,5,4,1,4,1,6
GCCTTGCTTACTAAGT,2,0,3,7,2,5,5,6,1,0
CCTCTAGACCGTTGCG,2,0,3,7,2,5,5,6,1,0
TTGGCCTCAGAGAGCC,0,5,1,1,5,4,1,4,1,6
GAAGGCGCCGTTGGTT,2,0,3,7,2,5,5,6,1,0
TTGGCCTCTCCAGACT,0,5,1,1,5,4,1,4,1,6
TTAGAAGTCCTGAAGG,2,0,3,7,2,5,5,6,4,0
GTTAGGACTCGCTAGG,5,2,2,4,4,7,3,5,4,5
AATGGTAATGGACTGC,2,0,3,7,2,5,5,6,1,0
AATGGTAAGTTCAGAA,2,0,3,7,2,5,5,6,1,0
CTTCATGATGGACTGC,2,0,3,7,2,5,5,6,4,0
ATGCCTGGATCCGCGA,0,5,1,1,5,4,1,4,1,6
AAGTTCGTGTTCAGAA,2,0,3,7,2,5,5,6,1,0
AATGGTAAAGAGAGCC,5,2,2,4,4,7,3,5,4,5
GGACGTAGAGGACTCA,2,0,3,7,2,5,5,6,1,0
CTTCATGAAATATTCG,2,2,3,7,2,5,5,6,4,5
GTTAGGACAGAGAGCC,2,0,3,7,2,5,5,6,1,0
CCAGAGCGTTGACTAT,2,0,3,7,2,5,5,6,1,0
AGTACCATCCTTGAGC,5,2,2,4,4,7,3,5,4,5
AAGTTCGTTCGGAGTT,2,0,3,7,2,5,5,6,1,0
CCTCTAGAAGAGAGCC,2,0,3,7,2,5,5,6,1,0
GTACCGTACGTTGGTT,2,0,3,7,2,5,5,6,1,0
AAGTTCGTTCGCTAGG,5,2,2,4,4,7,3,5,4,5
AATGGTAATCGCTAGG,2,0,3,7,2,5,5,6,1,0
AATGGTAACTATCGTT,5,2,2,4,4,7,3,5,4,5
CTTCATGAAGGACTCA,0,5,1,1,5,4,1,4,1,6
CCAGAGCGTCGGAGTT,2,0,3,7,2,5,5,6,4,0
CCAGAGCGTCAGATAC,2,0,3,7,2,5,5,6,1,0
GGCCAGAGACTTCTAC,0,5,1,1,5,4,1,4,1,0
GTTAGGACTCGGAGTT,2,0,3,7,2,5,5,6,1,0
GTACCGTATTGACTAT,0,5,1,1,5,4,1,4,1,6
AAGTTCGTAGAAGTAA,0,5,1,1,5,4,1,4,1,6
GAAGGCGCTCGCTAGG,2,0,3,7,2,5,5,6,4,0
GAAGGCGCTCGGAGTT,2,0,3,7,2,5,5,6,1,0
AAGTTCGTCGAGCTTC,2,0,3,7,2,5,5,6,1,0
GTTAGGACTGCAGTTG,2,2,3,7,4,5,3,6,4,5
GCCTTGCTAGAAGTAA,5,2,2,4,4,5,3,6,4,5
AAGTTCGTTATTGAAC,2,0,3,7,2,5,5,6,1,0
GGCCAGAGAATATTCG,2,0,3,7,2,5,5,6,1,0
GTTAGGACTATTGAAC,0,5,1,1,5,4,1,4,1,6
CTTCATGATATTGAAC,5,2,2,4,4,7,3,5,4,5
GAAGGCGCCCTCGTTG,2,0,3,7,2,5,5,6,1,0
TTGGCCTCTTCAAGCC,2,0,3,7,2,5,5,6,1,0
AGTACCATTGCAGTTG,0,5,1,1,5,4,1,4,1,6
GCCTTGCTGTAGAATG,2,0,3,7,2,5,5,6,1,0
ATGCCTGGCTATCGTT,2,0,3,7,2,5,5,6,1,0
GTACCGTATATTGAAC,0,5,1,1,5,4,1,4,1,6
ACGACTTCTTGACTAT,2,0,3,7,2,5,5,6,1,0
GGAGAGTTAGGACTCA,2,0,3,7,2,5,5,6,1,0
CCAGAGCGAGAAGTAA,0,5,1,1,5,4,1,4,1,6
AATGGTAATCCTTATT,0,5,1,1,5,4,1,4,1,6
GGAGAGTTAGAAGTAA,0,5,1,1,5,4,1,4,1,6
AATGGTAAAGAAGTAA,0,5,1,1,5,4,1,4,1,6
AGGTCGGAAGCATTGA,6,4,6,2,1,0,4,0,6,4
TTCCGTCTACCGAATT,6,4,6,2,1,0,4,0,6,4
TATCAGTTCAATAGTC,6,4,6,2,1,0,4,0,6,4
TATCAGTTTCAGATAC,6,4,6,2,1,0,4,0,6,4
GGTTGCGTCAATGGAT,5,2,2,4,4,7,3,5,4,5
TAGTACGGCCGTTGCG,6,4,6,2,1,0,4,0,6,4
AAGAGCGCCTATCGTT,6,4,6,2,1,0,4,0,6,4
AGGTCGGAAACTTAAC,6,4,6,2,1,0,4,0,6,4
AAGAGCGCAGGACTCA,6,4,6,2,1,0,4,0,6,4
CAAGGCCTCATAGGCG,5,2,2,4,4,7,3,5,4,5
TTGGTACCTGAACCTT,5,2,2,4,4,7,3,5,4,5
TTCGTAATAGAGAGCC,6,4,6,2,1,0,4,0,6,4
CTTGATAGAGCATTGA,6,4,6,2,1,0,4,0,6,4
TATCAGTTTTCTGGTT,5,2,2,4,4,7,3,5,4,5
TTCCGTCTCGACGTTA,6,4,6,2,1,0,4,0,6,4
GTTAGCCGAGGACTCA,5,2,2,4,4,7,3,5,4,5
GGTTGCGTCGAGCTTC,5,2,2,4,4,7,3,5,4,5
CATGATTCAGACCGTT,5,7,2,4,4,7,3,5,4,1
AATATATCTTCTGGTT,3,7,4,3,0,3,0,1,5,1
TTCGTAATCAATGGAT,5,2,2,4,4,7,3,5,4,5
TTCGTAATAGAAGTAA,6,4,6,2,1,0,4,0,6,4
TATCAGTTGTCTTCTT,5,2,2,4,4,7,3,5,4,5
CTTGATAGCGATATCC,6,4,6,2,1,0,4,0,6,4
GACGATAACAATTCGG,3,7,4,3,0,3,0,1,5,1
TTGGTACCCCTTGAGC,6,4,6,2,1,0,4,0,6,4
CAAGGCCTAGAGAGCC,5,2,2,4,4,7,3,5,4,5
GACGATAACTGAGGTT,6,4,6,2,1,0,4,0,6,4
CATGATTCGTCTTCTT,6,4,6,2,1,0,4,0,6,4
AAGAGCGCAGCATTGA,5,2,2,4,4,7,3,5,4,5
GACGATAAAATAAGGT,5,2,2,4,4,7,3,5,4,5
CATGATTCCAATGGAT,5,7,2,4,4,7,3,5,4,1
AATATATCAGGCCAAG,6,4,6,2,1,0,4,0,6,4
TTCCGTCTCCTTGAGC,5,2,2,4,4,7,3,5,4,5
TTCCGTCTAGACCGTT,5,2,2,4,4,7,3,5,4,5
GGCATATAAATAAGGT,6,4,6,2,1,0,4,0,6,4
GACGGAGACTGAGGTT,5,2,2,4,4,7,3,5,4,5
AGGTCGGAACCGAATT,5,2,2,4,4,7,3,5,4,5
TTCCGTCTAGAAGTAA,6,4,6,2,1,0,4,0,6,4
GACGATAACGATATCC,5,2,2,4,4,7,3,5,4,5
CAAGGCCTCCGTTGCG,3,7,4,3,0,3,0,1,5,1
TTGGTACCTCCATTGG,5,2,2,4,4,7,3,5,4,5
GACGATAACTATCGTT,5,2,2,4,4,7,3,5,4,5
GACGATAAAGAGAGCC,5,2,2,4,4,7,3,5,4,5
TATCAGTTAATATTCG,6,4,6,2,1,0,4,0,6,4
GCCTGAACTGCAGTTG,6,4,6,2,1,0,4,0,6,4
CATGATTCAGAAGTAA,5,2,2,4,4,7,3,5,4,5
GCCTGAACAGAGAGCC,6,4,6,2,1,0,4,0,6,4
AAGAGCGCCGAGCTTC,6,4,6,2,1,0,4,0,6,4
GGTTGCGTTCCTTATT,6,4,6,2,1,0,4,0,6,4
CAAGGCCTAATAAGGT,5,2,2,4,4,7,3,5,4,5
AATATATCACTTCTAC,6,4,6,2,1,0,4,0,6,4
CTTGATAGCATAGGCG,5,7,2,4,4,7,3,5,4,1
CAAGGCCTAACTTAAC,5,2,2,4,4,7,3,5,4,5
TAGTACGGTGAACCTT,6,4,6,2,1,0,4,0,6,4
CATGATTCTCAGATAC,5,2,2,4,4,7,3,5,4,5
CTTGATAGTCATGCTG,6,4,6,2,1,0,4,0,6,4
AATATATCAACTTAAC,5,2,2,4,4,7,3,5,4,5
AGGTCGGAAGTCTCCG,3,7,4,3,0,3,0,1,5,1
TTCCGTCTTAGATGAC,2,0,3,7,2,5,5,6,4,0
TATCAGTTAATAAGGT,6,4,6,2,1,0,4,0,6,4
TTCCGTCTAGAGAGCC,5,7,2,4,4,7,3,5,4,1
CAAGGCCTTCCTTATT,5,2,2,4,4,7,3,5,4,5
TTGGTACCCATAGGCG,6,4,6,2,1,0,4,0,6,4
TAGTACGGCGACGTTA,5,2,2,4,4,7,3,5,4,5
AAGAGCGCTCATGCTG,3,7,4,3,0,3,0,1,5,1
TTCCGTCTCTGAGGTT,5,2,2,4,4,7,3,5,4,5
CATGATTCAGCATTGA,3,7,4,3,0,3,0,1,5,1
GCCTGAACTCATGCTG,5,2,2,4,4,7,3,5,4,5
CATGATTCTGAACCTT,5,2,2,4,4,7,3,5,4,5
TAGTACGGTCCATTGG,6,4,6,2,1,0,4,0,6,4
AATATATCTCCATTGG,2,0,3,7,2,5,5,6,0,0
GACGGAGATTCTGGTT,3,7,4,3,0,3,0,1,5,1
TTCCGTCTCAATGGAT,5,2,2,4,4,7,3,5,4,5
GCCTGAACCGATATCC,6,4,6,2,1,0,4,0,6,4
AAGAGCGCAGAGAGCC,6,4,6,2,1,0,4,0,6,4
GCCTGAACTTCTGGTT,6,4,6,2,1,0,4,0,6,4
TTCGTAATAATAAGGT,6,4,6,2,1,0,4,0,6,4
CAAGGCCTACCATTAT,3,7,4,3,0,3,0,1,5,1
TTCGTAATACCATTAT,6,4,6,2,1,0,4,0,6,4
TAGTACGGCTATCGTT,3,7,4,3,0,3,0,1,5,1
AGGTCGGAAATATTCG,5,2,2,4,4,7,3,5,4,5
TATCAGTTTGAACCTT,6,4,6,2,1,0,4,0,6,4
AATATATCTCCTTATT,6,4,6,2,1,0,4,0,6,4
CTTGATAGAACTTAAC,6,4,6,2,1,0,4,0,6,4
AGGTCGGACTGAGGTT,6,4,6,2,1,0,4,0,6,4
TTCCGTCTCATAGGCG,6,4,6,2,1,0,4,0,6,4
GGTTGCGTCGACGTTA,5,2,2,4,4,7,3,5,4,5
TTCGTAATAACTTAAC,5,2,2,4,4,7,3,5,4,5
TTCGTAATCTGAGGTT,5,2,2,4,4,7,3,5,4,5
CTTGATAGTTCTGGTT,5,7,2,4,4,7,3,5,4,1
TAGTACGGTCAGATAC,3,7,4,3,0,3,0,1,5,1
TTCGTAATACTTCTAC,5,2,2,4,4,7,3,5,4,5
TAGTACGGAGGCCAAG,6,4,6,2,1,0,4,0,6,4
CATTGCAGTTGCCGCT,5,2,2,4,4,7,3,5,4,5
GCCTGAACGTTCAGAA,6,4,6,2,1,0,4,0,6,4
GACGATAACAATAGTC,5,2,2,4,4,7,3,5,4,5
AATATATCTGCAGTTG,5,2,2,4,4,7,3,5,4,5
GTTAGCCGTTCTGGTT,3,7,4,3,0,3,0,1,5,1
TTGGTACCAGTCTCCG,6,4,6,2,1,0,4,0,6,4
TAGTACGGGTTCAGAA,6,4,6,2,1,0,4,0,6,4
GGTTGCGTGTTCAGAA,3,7,4,3,0,3,0,1,5,1
GTTAGCCGCAATAGTC,5,2,2,4,4,7,3,5,4,5
GACGGAGATTGCCGCT,5,2,2,4,4,7,3,5,4,5
GTTAGCCGCTATCGTT,6,4,6,2,1,0,4,0,6,4
CATGATTCTCCATTGG,6,4,6,2,1,0,4,0,6,4
TTCCGTCTAATATTCG,6,4,6,2,1,0,4,0,6,4
TTGGTACCCTGAGGTT,5,0,2,4,4,5,3,6,4,5
TAGTACGGTTGCCGCT,5,2,2,4,4,7,3,5,4,5
TAGTACGGAATATTCG,5,2,2,4,4,7,3,5,4,5
CAAGGCCTAGTCTCCG,6,4,6,2,1,0,4,0,6,4
CAAGGCCTTGCAGTTG,6,4,6,2,1,0,4,0,6,4
GACGGAGAACCATTAT,5,2,2,4,4,7,3,5,4,5
GACGGAGAAGCATTGA,6,4,6,2,1,0,4,0,6,4
TAGTACGGTCCTTATT,6,4,6,2,1,0,4,0,6,4
TAGTACGGAGAGAGCC,6,4,6,2,1,0,4,0,6,4
TTGGTACCAGGACTCA,3,7,4,3,0,3,0,1,5,1
GGTTGCGTCATAGGCG,6,4,6,2,1,0,4,0,6,4
TATCAGTTAGTCTCCG,5,2,2,4,4,7,3,5,4,5
GGCATATACAATTCGG,5,2,2,4,4,7,3,5,4,5
GACGGAGAAGAGAGCC,5,2,2,4,4,7,3,5,4,5
TAGTACGGCAATGGAT,5,2,2,4,4,7,3,5,4,5
GGCATATATGAACCTT,5,2,2,4,4,7,3,5,4,5
CATGATTCTTCTGGTT,5,2,2,4,4,7,3,5,4,5
CATGATTCCGATATCC,6,4,6,2,1,0,4,0,6,4
GACGATAACCTTGAGC,6,4,6,2,1,0,4,0,6,4
AGGTCGGACAATTCGG,5,2,2,4,4,7,3,5,4,5
TTCCGTCTACCATTAT,5,2,2,4,4,7,3,5,4,5
TAGTACGGACTTCTAC,4,1,6,5,6,1,6,7,3,2
CTTGATAGAGAGAGCC,5,2,2,4,4,7,3,5,4,5
GACGATAACGAGCTTC,3,7,4,3,0,3,0,1,5,1
TATCAGTTCTATCGTT,5,2,2,4,4,7,3,5,4,5
GACGATAATCCTTATT,5,2,2,4,4,7,3,5,4,5
AAGAGCGCCGATATCC,6,4,6,2,1,0,4,0,6,4
TTCCGTCTCGATATCC,6,4,6,2,1,0,4,0,6,4
TCCTCCGTCTTGAGTT,4,1,5,5,6,1,6,7,3,2
CGAGGCAGAGCATTGA,3,3,4,3,0,3,0,1,5,7
ATTCTCTTAGTCTCCG,4,1,5,5,6,1,6,7,3,2
ACGTTATGTTAGGCGG,3,3,4,3,0,3,0,1,5,7
CTAGGACCAGATTCAT,4,1,5,5,6,1,6,7,3,2
AGTCCGCATGCCTACG,4,1,5,5,6,1,6,7,3,2
GGAGGACGAATAAGGT,4,1,5,5,6,1,6,7,3,2
ACCAATGCTTCTGGTT,4,1,5,5,6,1,6,7,3,2
GGAGGACGCAGGACCA,4,1,5,5,6,1,6,7,3,2
ATTCTCTTTCATGCTG,1,6,0,6,3,2,2,2,0,3
TCAATATAAGATTCAT,4,1,5,5,6,1,6,7,3,2
GTCTTAGCCAATGGAT,4,1,5,5,6,1,6,7,3,2
ACCAATGCAGACCGTT,5,2,2,4,4,7,3,5,4,5
GGAGGACGAGTCTCCG,4,1,5,5,6,1,6,7,3,2
TGAGCGCGTCATGCTG,3,3,4,3,0,3,0,1,5,7
ACGTTATGAGAACCGC,4,1,5,5,6,1,6,7,3,2
AATCCGTCCTTGAGTT,3,3,4,3,0,1,0,1,5,7
GGAGGACGAATTACCA,3,3,4,3,0,3,0,1,5,7
ACGTATTACAGGACCA,3,3,4,5,0,1,0,7,3,7
ACGTATTAAGCATTGA,3,3,4,3,0,3,0,1,5,7
ACCAATGCAGTCTCCG,3,3,4,3,0,3,0,1,5,7
TGAGCGCGTTGCGGAC,3,7,4,3,0,3,0,1,5,1
GGACCTCTAGATTCAT,3,3,4,3,0,3,0,1,5,7
GGACCTCTATACTTGA,4,1,5,5,6,6,6,3,3,2
TGAGCGCGAGACCGTT,3,3,4,3,0,3,0,1,5,7
CATAACCTCAATGGAT,3,3,4,3,0,3,0,1,5,7
ACCTCGAGGTCTTCTT,3,3,4,3,0,1,0,7,5,7
GTCTTAGCTTCTGGTT,3,3,4,3,0,3,0,1,5,7
AGTCCGCAAGTCTCCG,3,3,4,3,0,3,0,1,5,7
ACGTATTAAACTCCGG,4,1,5,5,6,1,6,7,3,2
CGAGGCAGTTCTGGTT,4,1,5,5,6,1,6,7,3,2
CGTATGAAAGACCGTT,4,1,5,5,6,1,6,7,3,2
GGAGGACGTTAGGCGG,4,1,5,5,6,1,6,7,3,2
ATTCTCTTGGTCTGGT,3,3,4,3,0,3,0,1,5,7
ATTCTCTTAGACCGTT,3,3,4,3,0,3,0,1,5,7
ACGTTATGATCTGACC,4,1,5,5,6,1,6,3,3,2
ACGTTATGTTGGAGAG,3,3,4,3,0,3,0,1,5,7
ACGTATTAAGATTCAT,1,6,0,6,3,2,2,2,0,3
CGAGGCAGTTGGAGAG,4,1,5,5,6,1,6,7,3,2
ACGTATTACTTGAGTT,3,3,4,3,0,1,0,7,5,7
ATTCTCTTAGATTCAT,3,3,4,3,0,3,0,1,5,7
ACCTCGAGAGGCCAAG,1,6,0,6,3,2,2,2,0,3
CGTATGAAAACTTAAC,3,3,4,3,0,3,0,1,5,7
ACCTCGAGCGTTACTC,3,3,4,3,0,3,0,1,5,7
GGAGGACGAGGCCAAG,4,1,5,5,6,1,6,7,3,2
CGTATGAAAGGCCAAG,3,3,4,3,0,3,0,1,5,7
CATAACCTGTTCGGTT,1,6,0,6,3,2,2,2,0,3
ACCAATGCAGAACCGC,3,3,4,3,0,3,0,1,5,7
TTATTCGACAATAGTC,3,3,4,3,0,3,0,1,5,7
AATCCGTCTTCTGGTT,4,1,5,5,6,1,6,7,3,2
CGTATGAAAATTACCA,3,3,4,3,0,3,0,1,5,7
CGTATGAAATACTTGA,3,3,4,3,0,3,0,1,5,7
CATAACCTTTCGACCT,3,3,4,3,0,3,0,1,5,7
GGAGGACGTGCCTACG,4,1,5,5,6,1,6,7,3,2
GGACCTCTCATAGGCG,3,3,4,3,0,3,0,1,5,7
AATCCGTCAATTACCA,4,1,5,5,6,1,6,7,3,2
TGAGCGCGCAATGGAT,3,3,4,3,0,3,0,1,5,7
CATAACCTTTGCGGAC,4,1,5,5,6,1,6,7,3,2
GTCTTAGCCGTTACTC,4,1,5,5,6,1,6,7,3,2
TCCTCCGTGTTCGGTT,3,3,4,3,0,3,0,1,5,7
CTAGGACCTTAGGCGG,4,1,5,5,6,1,6,7,3,2
CTAGGACCGTCTTCTT,1,6,0,6,3,2,2,2,0,3
TTATTCGAATCTGACC,3,3,4,3,0,3,0,1,5,7
CGTATGAACATAGGCG,4,1,5,5,6,6,6,7,3,2
CGAGGCAGTCATGCTG,4,1,5,5,6,1,6,7,3,2
GGAGGACGCGACGTTA,3,3,4,3,0,3,0,1,5,7
ACGTTATGTTCTGGTT,3,3,4,3,0,3,0,1,5,7
CATAACCTAGTCTCCG,1,6,0,6,3,2,2,2,0,3
GTCTTAGCCGTTCCGA,1,6,0,6,3,2,2,2,0,3
ACCTCGAGCGACGTTA,5,2,2,4,4,7,3,5,4,5
CGTATGAAAGTCTCCG,5,2,2,4,4,7,3,5,4,5
GGAGGACGCAATGGAT,3,3,4,3,0,3,0,1,5,7
TTATTCGACGACGTTA,3,3,4,3,0,3,0,1,5,7
AATCCGTCGTCTTCTT,3,3,4,3,0,3,0,1,5,7
ACGTATTACAATGGAT,3,3,4,3,0,3,0,1,5,7
ACCTCGAGATACTTGA,3,3,4,3,0,3,0,1,5,7
ATTCTCTTAGAACCGC,4,1,5,5,6,1,6,7,3,2
CATAACCTCAATAGTC,3,3,4,3,0,3,0,1,5,7
CAACCGCGCAGGACCA,4,1,5,5,6,6,6,7,3,2
TCGCATCTTGGCGGTT,4,1,5,0,6,6,6,3,2,2
ACTATACTAATTACCA,3,3,4,3,0,3,0,1,5,7
ATGACCGATTGACTAT,4,1,5,5,6,6,6,3,3,2
CGGATTACCTTGAGTT,3,3,4,3,0,3,0,1,5,7
CGGATTACTCGCTAGG,3,3,4,3,0,3,0,1,5,7
CGTACGTCCAATCTTG,1,6,0,6,3,2,2,2,0,3
TCGCATCTCGTTGGTT,3,3,4,3,0,3,0,1,5,7
CCATGAAGTCGCTAGG,3,3,4,3,0,3,0,1,5,7
CCAATTCCATCCGCGA,1,6,0,6,3,2,2,2,0,3
ACTATACTTAGGCTCT,1,6,0,6,3,2,2,2,0,3
AACTCGTACGTTACTC,4,1,5,0,6,6,6,3,2,2
TTCTAATGTTAGGCGG,4,1,5,5,6,1,6,7,3,2
ATGACCGAAATTACCA,1,6,0,6,3,2,2,2,0,3
CCGCAACGGTTCAACT,4,1,5,5,6,1,6,7,3,2
TCCAACTTGTTCAACT,1,6,0,6,3,2,2,2,0,3
CGGATTACCAATCTTG,4,1,5,5,6,1,6,7,3,2
TCGCCTGAAATTACCA,4,1,5,0,6,6,6,3,2,2
TTCTAATGCAGGACCA,3,3,4,3,0,3,0,1,5,7
ATGACCGATGGCGGTT,4,1,5,0,6,6,6,3,2,2
TCGCCTGAGTTCGGTT,4,1,5,0,6,6,6,3,2,2
ACTATACTCAGGACCA,3,3,4,3,0,3,0,1,5,7
TTCTAATGAGAACCGC,4,1,5,0,6,6,6,3,2,2
TTGGTTAATGGACTGC,4,1,5,5,6,6,6,7,3,2
ACGTAAGTAATTACCA,4,1,5,5,6,1,6,7,3,2
CAACCGCGTTCGACCT,4,1,5,5,6,1,6,7,3,2
CCGCAACGATACTTGA,4,1,5,5,6,1,6,7,3,2
TTCTAATGCGTTACTC,3,3,4,3,0,3,0,1,5,7
CAACCGCGTTCAAGCC,4,1,5,5,6,1,6,7,3,2
ATGACCGATTGGAGAG,4,1,5,0,6,6,6,3,3,2
TTCTAATGTTCAAGCC,3,3,4,3,0,3,0,1,5,7
CCATGAAGGTAGAATG,3,3,4,3,0,3,0,1,5,7
CCGCAACGGTAGAATG,4,1,5,5,6,1,6,7,3,2
TCGCCTGATTCAAGCC,4,1,5,0,6,6,6,3,2,2
TTCTAATGAATTACCA,3,3,4,3,0,3,0,1,5,7
TCGCCTGAAACTCCGG,3,3,4,3,0,3,0,1,5,7
TTGGTTAAGTAGAATG,4,1,5,0,6,6,6,3,2,2
ATGACCGAAGATTCAT,3,3,4,3,0,3,0,1,5,7
GACCGGAAAATTACCA,4,1,5,0,6,6,6,3,2,2
TGCTTCGCTATTGAAC,4,1,5,5,6,6,6,3,3,2
TGGACGAGCGTTCCGA,1,6,0,6,3,2,2,2,0,3
TCGCATCTCAATCTTG,3,3,4,3,0,3,0,1,5,7
TGGACGAGCTTCTTAC,3,3,4,3,0,3,0,1,5,7
TGCTTCGCTTAGGCGG,1,6,0,6,3,2,2,2,0,3
TCCAACTTTGCCTACG,3,3,4,3,0,3,0,1,5,7
ATGACCGACGTTGGTT,3,7,4,3,0,3,0,1,5,1
ACGTAAGTATCCGCGA,5,7,2,4,3,7,2,5,4,1
AACTCGTACATCAAGC,1,6,0,6,3,2,2,2,0,3
CCAATTCCCTTGAGTT,4,1,5,5,6,6,6,3,3,2
CCGCAACGAATTACCA,4,1,5,0,6,6,6,3,2,2
CGTACGTCATCCGCGA,4,1,5,5,6,1,6,7,3,2
CCAATTCCCATCAAGC,3,3,4,3,0,3,0,1,5,7
ATGACCGACGTTCCGA,4,1,5,5,6,6,6,7,3,2
CGGATTACCAGGACCA,3,3,4,3,0,3,0,1,5,7
TTCTAATGGTTCGGTT,4,1,5,0,6,6,6,3,2,2
TCGCATCTAACTCCGG,4,1,5,5,6,1,6,7,3,2
ACTATACTCCTGAAGG,4,1,5,0,6,6,6,3,2,2
TTCTAATGGTTCAACT,3,3,4,3,0,3,0,1,5,7
CCAATTCCGTTCGGTT,3,3,4,3,0,3,0,1,5,7
TGCTTCGCCCTGAAGG,3,3,4,3,0,3,0,1,5,7
TCCAACTTCTTGAGTT,4,1,5,5,6,1,6,7,3,2
ATGACCGATTCGACCT,4,1,5,0,6,6,6,3,2,2
CCAATTCCTTGGAGAG,4,1,5,5,6,6,6,3,3,2
TTCTAATGCCTGAAGG,1,6,0,6,3,2,2,2,0,3
TCGCATCTCAGGACCA,1,6,0,6,3,2,2,2,0,3
ACGTAAGTTGGCGGTT,4,1,5,5,6,1,6,3,3,2
TTGGTTAATTGACTAT,4,1,5,5,6,1,6,7,3,2
CCGCAACGTTAGGCGG,3,3,4,3,0,3,0,1,5,7
TCCAACTTAGAACCGC,3,3,4,3,0,3,0,1,5,7
TGCTTCGCAACTCCGG,4,1,5,0,6,6,6,3,2,2
TCGCCTGATATTGAAC,4,1,5,0,6,6,6,3,2,2
CCATGAAGCGTTACTC,4,1,5,0,6,6,6,3,2,2
TGCTTCGCATCCGCGA,4,1,5,5,6,1,6,7,3,2
CCGCAACGCATCAAGC,4,1,5,0,6,6,6,3,2,2
TGGACGAGAACTCCGG,4,1,5,5,6,1,6,7,3,2
TCCAACTTTAGGCTCT,1,6,0,6,3,2,2,2,0,3
ACGTAAGTATCTGACC,4,1,5,0,6,6,6,3,2,2
CCAATTCCGTTCAACT,4,1,5,5,6,6,6,7,3,2
TTGGTTAATATTGAAC,3,3,4,3,0,3,0,1,5,7
ATGACCGACTTGAGTT,1,6,0,6,3,2,2,2,0,3
ACGTAAGTGTTCAACT,4,1,5,0,6,6,6,3,2,2
TCGCCTGACGTTGGTT,1,6,0,6,3,2,2,2,0,3
CGTACGTCCCTGAAGG,3,3,4,3,0,3,0,1,5,7
CCATGAAGCTTAGTTC,4,1,5,0,6,6,6,3,2,2
ACTATACTCCTCGTTG,4,1,5,0,6,6,6,3,2,2
TCCAACTTTTCAAGCC,4,1,5,0,6,6,6,3,2,2
TGCTTCGCCTTGAGTT,4,1,5,0,6,6,6,3,2,2
CAACCGCGATACTTGA,4,1,5,5,6,1,6,7,3,2
TTCTAATGCTTAGTTC,4,1,5,0,6,6,6,3,2,2
TCGCATCTTAGGCTCT,4,1,5,0,6,6,6,3,2,2
CCGCAACGAGAACCGC,4,1,5,5,6,1,6,7,3,2
GACCGGAACGTTCCGA,4,1,5,5,6,6,6,7,3,2
CCAATTCCCGTTGGTT,4,1,5,0,6,1,6,3,3,2
TTGGTTAACGTTCCGA,4,1,5,0,6,6,6,3,2,2
TCCAACTTATACTTGA,1,6,0,6,3,2,2,2,0,3
TTCTAATGTGGACTGC,5,2,2,4,4,7,3,5,4,5
TTGGTTAATCGGAGTT,3,3,4,3,0,3,0,1,5,7
CAACCGCGCATCAAGC,4,1,5,0,6,6,6,3,2,2
TCCAACTTTATTGAAC,1,6,0,6,3,2,2,2,0,3
TGGACGAGCTTAGTTC,4,1,5,0,6,6,6,3,2,2
ATGACCGAATACTTGA,4,1,5,0,6,6,6,3,2,2
CGTACGTCTGCCTACG,4,1,5,0,6,6,6,3,2,2
CCAATTCCCTTAGTTC,4,1,5,0,6,6,6,3,2,2
TGCTTCGCTTCAAGCC,4,1,5,0,6,6,6,3,2,2
CGGATTACTTGACTAT,4,1,5,0,6,6,6,3,2,2
CGGATTACAACTCCGG,4,1,5,0,6,6,6,3,2,2
TGGACGAGTGGACTGC,1,6,0,6,3,2,2,2,0,3
ATGACCGATCGGAGTT,4,1,5,0,6,6,6,3,2,2
TGCTTCGCTCGGAGTT,4,1,5,5,6,1,6,7,3,2
CAACCGCGTGCCTACG,4,1,5,0,6,6,6,3,2,2
TCGCCTGAGTTCAACT,1,6,0,6,3,2,2,2,0,3
CCGCAACGTGGACTGC,4,1,5,0,6,6,6,3,3,2
AACTCGTACCTGAAGG,1,6,0,6,3,2,2,2,0,3
TGGACGAGCCTGAAGG,4,1,5,5,6,1,6,7,3,2
ACTATACTTCCAGACT,1,6,0,6,3,2,2,2,0,3
CGTACGTCTCGGAGTT,4,1,5,0,6,6,6,3,2,2
AACTCGTAATACTTGA,4,1,5,0,6,6,6,3,2,2
GTCCTGCCTTCTGGTT,2,0,3,7,2,5,5,6,1,0
GTCCTGCCTAGGCTCT,2,0,3,7,2,5,5,6,1,0
ACGACTTCAATTACCA,0,5,1,1,5,4,1,4,1,6
GTACCGTAAGGCCAAG,0,5,1,1,5,4,1,4,1,6
GCCTTGCTAGAACCGC,0,5,1,1,5,4,1,4,1,6
AATGGTAATTGGAGAG,0,5,1,1,5,4,1,4,1,6
AATGGTAATAGGCTCT,0,5,1,1,5,4,1,4,1,6
GGAGAGTTTTAGGCGG,2,0,3,7,2,5,5,6,1,0
AGTACCATTCATGCTG,2,0,3,7,2,5,5,6,1,0
GTCCTGCCACCGAATT,2,0,3,7,2,5,5,6,1,0
GTCCTGCCTTGCCGCT,0,5,1,1,5,4,1,4,1,6
AATGGTAAAGCATTGA,2,0,3,7,2,5,5,6,1,0
GAAGGCGCAATTACCA,0,5,1,1,5,4,1,4,1,6
GCCTTGCTGGTCTGGT,2,0,3,7,2,5,5,6,1,0
TTAGAAGTCAATTCGG,0,5,1,1,5,4,1,4,1,6
CCTCTAGAAATTACCA,0,5,1,1,5,4,1,4,1,6
GTACCGTAAACTTAAC,0,5,1,1,5,4,1,4,1,6
CTTCATGACAATAGTC,5,2,2,4,4,7,3,5,4,5
CCAGAGCGTTGCGGAC,5,2,2,4,4,7,3,5,4,5
ACGACTTCAACTTAAC,2,0,3,7,2,5,5,6,1,0
GAAGGCGCCAGGACCA,0,5,1,1,5,4,1,4,1,6
GGACGTAGAGTCTCCG,2,0,3,7,2,5,5,6,1,0
GGCCAGAGACCGAATT,2,0,3,7,2,5,5,6,4,0
ATGCCTGGAGGCCAAG,2,0,3,7,2,5,5,6,1,0
AATGGTAAAATTACCA,2,0,3,7,2,5,5,6,1,0
GTTAGGACAACTTAAC,0,5,1,1,5,4,1,4,1,6
GTTAGGACAGCATTGA,2,0,3,7,2,5,5,6,1,0
CCAGAGCGGTTCGGTT,2,0,3,7,2,5,5,6,1,0
GCCTTGCTCAGGACCA,2,0,3,7,2,5,5,6,1,0
CCAGAGCGCATAGGCG,0,5,1,1,5,4,1,4,1,6
CCAGAGCGGTCTTCTT,2,0,3,7,2,5,5,6,1,0
CCTCTAGACGACGTTA,0,5,1,1,5,4,1,4,1,6
AAGTTCGTCAATTCGG,0,5,1,1,5,4,1,4,1,6
CTTCATGAAATAAGGT,2,0,3,7,2,5,5,6,4,0
GTACCGTACGTTACTC,0,5,1,1,5,4,1,4,1,6
GTTAGGACGGTCTGGT,2,0,3,7,2,5,5,6,1,0
CTTCATGAGTTCGGTT,2,0,3,7,2,5,5,6,1,0
TTAGAAGTAGATTCAT,0,5,1,1,5,4,1,4,1,6
GTCCTGCCAACTCCGG,2,0,3,7,2,5,5,6,1,0
AATGGTAAAGGCCAAG,2,0,3,7,2,5,5,6,1,0
TTAGAAGTTTCGACCT,5,2,2,4,4,7,3,5,4,5
GCCTTGCTCAATAGTC,2,0,3,7,2,5,5,6,1,0
GTACCGTAAGATTCAT,2,0,3,7,2,5,5,6,1,0
CTTCATGAGTCTTCTT,2,0,3,7,2,5,5,6,1,0
TTAGAAGTAGAACCGC,2,0,3,7,2,5,5,6,1,0
GTTAGGACATCTGACC,0,5,1,1,5,4,1,4,1,6
GCCTTGCTCTTGAGTT,2,0,3,7,2,5,5,6,1,0
ATGCCTGGAGTCTCCG,2,0,3,7,2,5,5,6,1,0
ATGCCTGGGTTCGGTT,2,0,3,7,2,5,5,6,1,0
GTTAGGACTTGGAGAG,2,0,3,7,2,5,5,6,1,0
GGCCAGAGAGATTCAT,2,0,3,7,2,5,5,6,1,0
GTACCGTAAATAAGGT,2,0,3,7,2,5,5,6,1,0
GGAGAGTTAATTACCA,5,2,2,4,4,7,3,5,4,5
CTTCATGAATCTGACC,0,5,1,1,5,4,1,4,1,6
AATGGTAATTCGACCT,2,0,3,7,2,5,5,6,1,0
GGAGAGTTAGCATTGA,0,5,1,1,5,4,5,4,1,0
GTTAGGACTCATGCTG,5,2,2,4,4,7,3,5,4,5
GGAGAGTTAACTTAAC,2,0,3,7,2,5,5,6,1,0
GGACGTAGAGGCCAAG,0,5,1,1,5,4,1,4,1,6
ATGCCTGGAACTTAAC,2,0,3,7,2,5,5,6,1,0
ACGACTTCTAGGCTCT,2,0,3,7,2,5,5,6,1,0
GGAGAGTTACCGAATT,0,5,1,1,5,4,4,0,1,4
GTACCGTACGACGTTA,2,0,3,7,2,5,5,6,1,0
GCCTTGCTAACTTAAC,2,0,3,7,2,5,5,6,1,0
TTAGAAGTAATTACCA,2,0,3,7,2,5,5,6,1,0
AAGTTCGTTTGGAGAG,0,5,1,1,5,4,1,4,1,6
AGTACCATAGATTCAT,2,0,3,7,2,5,5,6,1,0
GGACGTAGCATAGGCG,5,2,2,4,4,7,3,5,4,5
GTACCGTAGTTCGGTT,2,0,3,7,2,5,5,6,1,0
GTCCTGCCCGATATCC,2,0,3,7,2,5,5,6,1,0
GCCTTGCTTTGGAGAG,2,0,3,7,2,5,5,6,1,0
GTCCTGCCATCTGACC,2,0,3,7,2,5,5,6,1,0
ACGACTTCCAATAGTC,5,2,2,4,4,7,3,5,4,5
GGAGAGTTCTTGAGTT,2,0,3,7,2,5,5,6,1,0
GGAGAGTTTCATGCTG,0,5,1,1,5,4,1,4,1,0
GGACGTAGGTCTTCTT,0,5,1,1,5,4,1,4,1,6
AATGGTAAAACTCCGG,2,0,3,7,2,5,5,6,1,0
AAGTTCGTAGATTCAT,2,0,3,7,2,5,5,6,1,0
ATGCCTGGTTGGAGAG,2,0,3,7,2,5,5,6,1,0
AAGTTCGTCAGGACCA,5,2,2,4,4,7,3,5,4,5
TTGGCCTCAATAAGGT,0,5,1,1,5,4,1,4,1,6
AAGTTCGTCTTGAGTT,0,5,1,1,5,4,1,4,1,6
GGAGAGTTAGGCCAAG,0,5,1,1,5,4,1,4,1,6
GGAGAGTTCGATATCC,0,5,1,1,5,4,1,4,1,6
CATTGCAGCAATCTTG,6,4,6,2,1,0,4,0,6,4
GTTAGCCGCGTTACTC,6,4,6,2,1,0,4,0,6,4
GACGGAGAATCTGACC,6,4,6,2,1,0,4,0,6,4
CAAGGCCTCGTTACTC,6,4,6,2,1,0,4,0,6,4
TTCGTAATGTTCGGTT,5,2,2,4,4,7,3,5,4,5
TTCCGTCTCAATCTTG,6,4,6,2,1,0,4,0,6,4
TTCCGTCTCTTGAGTT,5,7,2,4,4,7,3,5,4,1
CATGATTCCGTTACTC,5,2,2,4,4,7,3,5,4,5
TAGTACGGTTGGAGAG,6,4,6,2,1,0,4,0,6,4
AATATATCTTGGAGAG,5,7,2,4,4,7,3,5,4,1
TAGTACGGAACTCCGG,6,4,6,2,1,0,4,0,6,4
CATGATTCTTCGACCT,6,4,6,2,1,0,4,0,6,4
GGCATATATGGACTGC,6,4,6,2,1,0,4,0,6,4
GACGATAATTGCGGAC,6,4,6,2,1,0,4,0,6,4
CATTGCAGTTCAAGCC,6,4,6,2,1,0,4,0,6,4
GACGATAAAGATTCAT,6,4,6,2,1,0,4,0,6,4
GACGGAGACTTCTTAC,6,4,6,2,1,0,4,0,6,4
AGGTCGGAATCCGCGA,3,7,4,3,0,3,0,1,5,1
GGTTGCGTTCCAGACT,6,4,6,2,1,0,4,0,6,4
CATGATTCCGTTGGTT,6,4,6,2,1,0,4,0,6,4
TTCCGTCTCAGGACCA,6,4,6,2,1,0,4,0,6,4
AATATATCCGTTGGTT,5,2,2,4,4,7,3,5,4,5
GACGATAATTAGGCGG,6,4,6,2,1,0,4,0,6,4
TTCGTAATTGGCGGTT,2,0,3,7,2,5,5,6,4,0
TAGTACGGCATCAAGC,3,7,4,3,0,3,0,1,5,1
AAGAGCGCGTTCAACT,6,4,6,2,1,0,4,0,6,4
GGCATATATTGCGGAC,6,4,6,2,1,0,4,0,6,4
GACGATAATGCCTACG,3,7,4,3,0,3,0,1,5,1
GACGGAGAAATTACCA,6,4,6,2,1,0,4,0,6,4
CAAGGCCTTTAGGCGG,6,4,6,2,1,0,4,0,6,4
GTTAGCCGTCGGAGTT,6,4,6,2,1,0,4,0,6,4
AAGAGCGCTAGGCTCT,5,2,2,4,4,7,3,5,4,5
TTGGTACCTTGGAGAG,6,4,6,2,1,0,4,0,6,4
AGGTCGGATCGCTAGG,6,4,6,2,1,0,4,0,6,4
GTTAGCCGTTGACTAT,6,4,6,2,1,0,4,0,6,4
GACGGAGATTGACTAT,5,2,2,4,4,7,3,5,4,5
TAGTACGGTCGGAGTT,5,2,2,4,4,7,3,5,4,5
AAGAGCGCCTTGAGTT,6,4,6,2,1,0,4,0,6,4
TATCAGTTCAATCTTG,5,2,2,4,4,7,3,5,4,5
TTGGTACCTTGACTAT,5,2,2,4,4,7,3,5,4,5
AATATATCTTGCGGAC,6,4,6,2,1,0,4,0,6,4
AATATATCCGTTACTC,6,4,6,2,1,0,4,0,6,4
TTCGTAATTTGCGGAC,5,2,2,4,4,7,3,5,4,5
AGGTCGGATTAGGCGG,6,4,6,2,1,0,4,0,6,4
CTTGATAGAGATTCAT,5,2,2,4,4,7,3,5,4,5
TTGGTACCCTTCTTAC,6,4,6,2,1,0,4,0,6,4
CAAGGCCTCAATCTTG,3,7,4,3,0,3,0,1,5,1
TTCCGTCTTCGCTAGG,5,2,2,4,4,7,3,5,4,5
AATATATCTCCAGACT,5,2,2,4,4,7,3,5,4,5
AATATATCCATCAAGC,3,7,4,3,0,3,0,1,5,1
TTCCGTCTTTGGAGAG,5,7,2,4,4,7,3,5,4,1
TTCCGTCTCATCAAGC,6,4,6,2,1,0,4,0,6,4
TTGGTACCCAGGACCA,5,2,2,4,4,7,3,5,4,5
AGGTCGGACTTAGTTC,3,7,4,3,0,3,0,1,5,1
TTCCGTCTCCTCGTTG,6,4,6,2,1,0,4,0,6,4
CTTGATAGCGTTCCGA,5,2,2,4,4,7,3,5,4,5
CATTGCAGATCTGACC,6,4,6,2,1,0,4,0,6,4
TTGGTACCTCGGAGTT,6,4,6,2,1,0,4,0,6,4
TTGGTACCGGTCTGGT,3,7,4,3,0,3,0,1,5,1
GACGGAGATCGGAGTT,5,2,2,4,4,7,3,5,4,5
CTTGATAGTCGCTAGG,6,4,6,2,1,0,4,0,6,4
TTCCGTCTGGTCTGGT,5,2,2,4,4,7,3,5,4,5
GCCTGAACTTCGACCT,5,2,2,4,4,7,3,5,4,5
GGTTGCGTGTTCAACT,5,2,2,4,4,7,3,5,4,5
AATATATCTCGGAGTT,6,4,6,2,1,0,4,0,6,4
CTTGATAGTCGGAGTT,3,7,4,3,0,3,0,1,5,1
CTTGATAGCGTTGGTT,5,2,2,4,4,7,3,5,4,5
CATTGCAGCCTCGTTG,5,7,2,4,4,7,3,5,4,1
CTTGATAGTTCGACCT,5,7,2,4,4,7,3,5,4,1
GACGATAAAATTACCA,5,2,2,4,4,7,3,5,4,5
TTGGTACCATCCGCGA,5,2,2,4,4,7,3,5,4,5
AAGAGCGCCTTAGTTC,5,2,2,4,4,7,3,5,4,5
TTGGTACCTTCAAGCC,6,4,6,2,1,0,4,0,6,4
CAAGGCCTAACTCCGG,3,7,4,3,0,3,0,1,5,1
GGCATATATCGCTAGG,5,2,2,4,4,7,3,5,4,5
CATGATTCAGATTCAT,5,2,2,4,4,7,3,5,4,5
CTTGATAGTTGACTAT,5,2,2,4,4,7,3,5,4,5
AAGAGCGCCGTTGGTT,5,2,2,4,4,7,3,5,4,5
TTGGTACCGTTCGGTT,5,2,2,4,4,7,3,5,4,5
TTGGTACCTAGGCTCT,5,2,2,4,4,7,3,5,4,5
GACGATAATTCGACCT,6,4,6,2,1,0,4,0,6,4
GACGATAAAACTCCGG,3,7,4,3,0,3,0,1,5,1
TAGTACGGTTCGACCT,6,4,6,2,1,0,4,0,6,4
GCCTGAACTCGGAGTT,5,2,2,4,4,7,3,5,4,5
TTCGTAATCGTTGGTT,5,2,2,4,4,7,3,5,4,5
TTCGTAATGTTCAACT,6,4,6,2,1,0,4,0,6,4
GCCTGAACCCTCGTTG,3,7,4,3,0,3,0,1,5,1
TTGGTACCATACTTGA,5,2,2,4,4,7,3,5,4,5
CATGATTCTGCCTACG,6,4,6,2,1,0,4,0,6,4
CAAGGCCTATACTTGA,5,2,2,4,4,7,3,5,4,5
GTTAGCCGTCGCTAGG,5,2,2,4,4,7,3,5,4,5
CTTGATAGATCCGCGA,5,2,2,4,4,7,3,5,4,5
CATGATTCTGGACTGC,5,2,2,4,4,7,3,5,4,5
TTCGTAATTTCAAGCC,5,2,2,4,4,7,3,5,4,5
CATTGCAGTAGGCTCT,5,2,2,4,4,7,3,5,4,5
GACGATAACTTCTTAC,5,2,2,4,4,7,3,5,4,5
AAGAGCGCTTAGGCGG,5,2,2,4,4,7,3,5,4,5
GCCTGAACCGTTGGTT,5,2,2,4,4,7,3,5,4,5
CATGATTCCTTCTTAC,6,4,6,2,1,0,4,0,6,4
GACGGAGACCTCGTTG,6,4,6,2,1,0,4,0,6,4
GACGATAATCGCTAGG,6,4,6,2,1,0,4,0,6,4
TTGGTACCCGTTACTC,5,2,2,4,4,7,3,5,4,5
TTCGTAATCTTAGTTC,5,2,2,4,4,7,3,5,4,5
TTCCGTCTTGGACTGC,6,4,6,2,1,0,4,0,6,4
CAAGGCCTTTGGAGAG,5,2,2,4,4,7,3,5,4,5
CATGATTCATCCGCGA,5,2,2,4,4,7,3,5,4,5
GACGGAGAAGAACCGC,6,4,6,2,1,0,4,0,6,4
AAGAGCGCCGTTCCGA,5,2,2,4,4,7,3,5,4,5
GACGGAGACATCAAGC,5,7,2,4,4,7,3,5,4,1
GCCTGAACTTGACTAT,2,0,3,7,2,5,5,6,4,0
TTCGTAATCATCAAGC,5,7,2,4,4,7,3,5,4,1
GCCTGAACCTTGAGTT,5,2,2,4,4,7,3,5,4,5
AATATATCGTTCAACT,5,2,2,4,4,7,3,5,4,5
CAAGGCCTTATTGAAC,5,2,2,4,4,7,3,5,4,5
TAGTACGGCGTTACTC,6,4,6,2,1,0,4,0,6,4
AGGTCGGAAATTACCA,5,2,2,4,4,7,3,5,4,5
GTTAGCCGCGTTGGTT,5,2,2,4,4,7,3,5,4,5
TTCCGTCTATCCGCGA,6,4,6,2,1,0,4,0,6,4
TTCCGTCTTTGCGGAC,5,2,2,4,4,7,3,5,4,5
TATCAGTTGTTCGGTT,5,2,2,4,4,7,3,5,4,5
GGTTGCGTCGTTCCGA,5,2,2,4,4,7,3,5,4,5
CAAGGCCTTTGCGGAC,5,2,2,4,4,7,3,5,4,5
TATCAGTTATCCGCGA,5,2,2,4,4,7,3,5,4,5
CAAGGCCTCCTGAAGG,5,7,2,4,4,7,3,5,4,1
GTTAGCCGCTTCTTAC,5,2,2,4,4,7,3,5,4,5
CAAGGCCTCCTCGTTG,2,0,3,7,2,5,5,6,4,0
AGGTCGGAGTAGAATG,5,2,2,4,4,7,3,5,4,5
TATCAGTTTTGGAGAG,6,4,6,2,1,0,4,0,6,4
TTCCGTCTATACTTGA,5,2,2,4,4,7,3,5,4,5
CAAGGCCTGTTCGGTT,5,2,2,4,4,7,3,5,4,5
TTCGTAATATACTTGA,5,2,2,4,4,7,3,5,4,5
TTCGTAATTGGACTGC,5,2,2,4,4,7,3,5,4,5
CATTGCAGGTAGAATG,5,2,2,4,4,7,3,5,4,5
CAAGGCCTCTTCTTAC,5,2,2,4,4,7,3,5,4,5
TTCCGTCTCTTCTTAC,5,7,2,4,4,7,3,5,4,1
GCCTGAACCGTTCCGA,5,2,2,4,4,7,3,5,4,5
GGTTGCGTAACTCCGG,5,2,2,4,4,7,3,5,4,5
TAGTACGGGTAGAATG,6,4,6,2,1,0,4,0,6,4
ACTATACTAATAAGGT,4,1,5,0,6,6,6,3,2,2
TCGCCTGAAGAGAGCC,4,1,5,5,6,1,6,7,3,2
GACCGGAACTATCGTT,1,6,0,6,3,2,2,2,0,3
CCATGAAGCATAGGCG,4,1,5,5,6,6,6,7,3,2
CCAATTCCAATAAGGT,4,1,5,0,6,6,6,3,2,2
ATGACCGATTGCCGCT,1,6,0,6,3,2,2,2,0,3
TCGCCTGATACTAAGT,3,3,4,3,0,3,0,1,5,7
CAACCGCGCATAGGCG,3,3,4,3,0,3,0,1,5,7
CCATGAAGAGACCGTT,1,6,0,6,3,2,2,2,0,3
CAACCGCGACCATTAT,4,1,5,5,6,1,6,7,3,2
CGTACGTCACTTCTAC,1,6,0,6,3,2,2,2,0,3
CCGCAACGAGCATTGA,3,3,4,3,0,3,0,1,5,7
CAACCGCGAATAAGGT,3,6,4,3,0,3,0,1,5,7
TCCAACTTTTCTGGTT,4,1,5,5,6,6,6,3,3,2
TCGCCTGAAGACCGTT,1,6,0,6,3,2,2,2,0,3
TCGCCTGAACCGAATT,3,3,4,3,0,3,0,1,5,7
CGGATTACGTCTTCTT,3,3,4,3,0,3,0,1,5,7
TCGCCTGAAGAAGTAA,4,1,5,0,6,6,6,3,2,2
AACTCGTATTGCCGCT,4,1,5,0,6,6,6,3,2,2
CAACCGCGCGATATCC,3,3,4,3,0,3,0,1,5,7
CCAATTCCAGGCCAAG,3,3,4,3,0,3,0,1,5,7
TTCTAATGTCAGATAC,4,1,5,5,6,1,6,7,3,2
TGCTTCGCACTTCTAC,4,1,5,0,6,6,6,3,2,2
CCGCAACGCTGAGGTT,1,6,0,6,3,2,2,2,0,3
CGTACGTCAATAAGGT,3,3,4,3,0,3,0,1,5,7
TCGCCTGAAGCATTGA,5,2,2,4,4,7,3,5,4,5
CCATGAAGGTCTTCTT,3,3,4,3,0,3,0,1,5,7
CGGATTACACCGAATT,5,2,2,4,4,7,3,5,4,5
GACCGGAAAGAAGTAA,4,1,5,5,6,1,6,3,3,2
TGCTTCGCAATATTCG,1,6,0,6,3,2,2,2,0,3
ACTATACTTCCATTGG,4,1,5,5,6,1,6,7,3,2
CCGCAACGTCAGATAC,4,1,5,0,6,6,6,3,2,2
CCGCAACGAGGCCAAG,4,1,5,0,6,6,6,3,2,2
CCATGAAGTCATGCTG,1,6,0,6,3,2,2,2,0,3
TGCTTCGCACCATTAT,5,6,2,4,3,7,2,5,4,3
ATGACCGAACTTCTAC,1,6,4,3,3,3,2,1,5,3
CAACCGCGCTATCGTT,4,1,5,5,6,6,6,3,3,2
CGGATTACAGAGAGCC,1,6,0,6,3,2,2,2,0,3
ACTATACTCGATATCC,5,2,2,4,4,7,3,5,4,5
CAACCGCGCTGAGGTT,4,1,5,5,6,1,6,7,3,2
TGCTTCGCACCGAATT,4,1,5,0,6,6,6,3,2,2
ATGACCGATCCATTGG,4,1,5,5,6,1,6,7,3,2
ATGACCGAAGCATTGA,1,6,0,6,3,2,2,2,0,3
CCGCAACGCCGTTGCG,1,6,0,6,3,2,2,2,0,3
AACTCGTAACCATTAT,1,6,0,6,3,2,2,2,0,3
TTGGTTAACCTTGAGC,5,2,2,4,4,7,3,5,4,5
CCAATTCCACCGAATT,1,6,0,6,3,2,2,2,0,3
ATGACCGAAATAAGGT,4,1,5,0,6,6,6,3,2,2
TCCAACTTACCGAATT,3,3,4,3,0,3,0,1,5,7
TCGCATCTTTCTGGTT,1,6,0,6,3,2,2,2,5,3
CAACCGCGCCGTTGCG,4,1,5,0,6,6,6,3,2,2
CAACCGCGTTCTGGTT,4,1,5,0,6,6,6,3,2,2
GACCGGAAAGACCGTT,4,1,5,0,6,6,6,3,2,2
TCGCCTGATAGATGAC,3,3,4,3,0,3,0,1,5,7
TGCTTCGCCGACGTTA,1,6,0,6,3,2,2,2,0,3
CAACCGCGCAATAGTC,4,1,5,0,6,1,6,7,3,2
TGGACGAGTCCTTATT,3,3,4,3,0,3,0,1,5,7
TCGCATCTAGTCTCCG,4,1,5,5,6,1,6,7,3,2
TCGCCTGATGCAGTTG,1,7,4,3,3,2,2,1,5,1
CAACCGCGTTGCCGCT,1,6,0,6,3,2,2,2,0,3
TTGGTTAACAATTCGG,1,6,0,6,3,2,2,2,0,3
TTCTAATGTAGATGAC,4,1,5,0,6,6,6,3,2,2
CCGCAACGTACTAAGT,4,1,5,5,6,1,6,7,3,2
CCATGAAGAGGCCAAG,4,1,5,0,6,6,6,3,2,2
ATGACCGAGTCTTCTT,3,3,4,3,0,3,0,1,5,7
ATGACCGAAGGACTCA,1,6,0,6,3,2,2,2,0,3
TGCTTCGCTCAGATAC,4,1,5,0,6,6,6,3,2,2
TCCAACTTAGAAGTAA,1,6,0,6,3,2,2,2,0,3
TTGGTTAAACTTCTAC,1,6,0,6,3,2,2,2,0,3
TTGGTTAACAATAGTC,3,3,4,3,0,3,0,1,5,7
GACCGGAATTCTGGTT,3,3,4,3,0,3,0,1,5,7
TCGCATCTTACTAAGT,4,1,5,0,6,6,6,3,2,2
TCGCCTGACTGAGGTT,4,1,5,0,6,6,6,3,2,2
TCCAACTTAGCATTGA,4,1,5,0,6,6,6,3,2,2
TGCTTCGCTTGCCGCT,1,6,0,6,3,2,2,2,0,3
CCAATTCCAGAGAGCC,4,1,5,0,6,6,6,3,2,2
CCATGAAGAGAGAGCC,1,6,0,6,3,2,2,2,0,3
TCCAACTTAGAGAGCC,4,1,5,0,6,6,2,3,2,3
CCGCAACGCTATCGTT,3,3,4,3,0,3,0,1,5,7
ACGTAAGTCGATATCC,1,6,0,6,3,2,2,2,0,3
TCGCCTGACGACGTTA,4,1,5,0,6,6,6,3,2,2
TCCAACTTTGCAGTTG,3,3,4,3,0,3,0,1,5,7
CCGCAACGACCGAATT,1,6,0,6,3,2,2,2,0,3
TGCTTCGCCAATTCGG,3,3,4,3,0,3,0,1,5,7
TCCAACTTAATATTCG,3,3,4,3,0,3,0,1,5,7
TCGCCTGAAACTTAAC,1,6,0,6,3,2,2,2,0,3
CGTACGTCTTGCCGCT,3,7,4,3,0,3,0,1,5,1
TCGCATCTCGAGCTTC,3,3,4,3,0,1,0,7,5,7
ACTATACTCCTTGAGC,3,3,4,3,0,3,0,1,5,7
CCATGAAGACCATTAT,3,3,4,3,0,3,0,1,5,7
ACGTAAGTAATAAGGT,5,2,2,4,4,7,3,5,4,5
CCGCAACGTCATGCTG,1,6,0,6,3,2,2,2,0,3
TCCAACTTAGGACTCA,1,6,0,6,3,2,2,2,0,3
TCGCATCTAGAAGTAA,4,1,5,0,6,6,6,3,2,2
TCGCCTGACAATAGTC,4,1,5,0,6,6,6,3,2,2
TCGCCTGACCTTGAGC,1,6,0,6,3,2,2,2,0,3
ACTATACTGTTCAGAA,4,1,5,0,6,6,6,3,2,2
ACGTAAGTAGGACTCA,4,1,5,0,6,6,6,3,2,2
ACTATACTAGTCTCCG,4,1,5,0,6,6,6,3,2,2
TTCTAATGCATAGGCG,4,1,5,0,6,6,6,3,2,2
ACTATACTACCATTAT,4,1,5,0,6,6,6,3,2,2
ATGACCGATCCTTATT,4,1,5,0,6,6,6,3,2,2
ACGTAAGTTACTAAGT,5,2,2,4,4,7,3,5,4,5
CGTACGTCGTTCAGAA,3,3,4,3,0,1,0,7,5,7
ATGACCGATGAACCTT,1,6,0,6,3,2,2,2,0,3
CCGCAACGAGGACTCA,4,1,5,0,6,6,6,3,2,2
CGGATTACCCTTGAGC,4,1,5,0,6,6,6,3,2,2
TTCTAATGAGAAGTAA,4,1,5,0,6,6,6,3,2,2
ACTATACTCTATCGTT,4,1,5,5,6,1,6,7,3,2
CCGCAACGAGAAGTAA,4,1,5,0,6,6,6,3,2,2
CCATGAAGAATATTCG,5,2,2,4,4,7,3,5,4,5
CAACCGCGCCTTGAGC,3,3,4,3,0,3,0,1,5,7
ACGTAAGTCTGAGGTT,1,6,0,6,3,2,2,2,0,3
TCCAACTTCTGAGGTT,4,1,5,5,6,1,6,7,3,2
ATGACCGACCTTGAGC,4,1,5,0,6,6,6,3,2,2
