"V1","V2","V3","V4","V5","V6","V7","V8","V9","V10","final_cluster","Cluster_1","Cluster_2","Cluster_3","Cluster_4","Cluster_5","Cluster_6","Cluster_7","cell_name"
1,1,1,1,1,1,1,1,2,1,1,0.9,0.1,0,0,0,0,0,"GGACGTAGTTGACTAT"
1,1,1,1,1,1,1,1,2,1,1,0.9,0.1,0,0,0,0,0,"GTCCTGCCACTTCTAC"
2,2,2,2,2,2,2,2,2,2,2,0,1,0,0,0,0,0,"GGCCAGAGCATCAAGC"
1,1,1,1,1,1,1,1,2,1,1,0.9,0.1,0,0,0,0,0,"ATGCCTGGTCCATTGG"
1,1,1,1,1,1,1,1,2,1,1,0.9,0.1,0,0,0,0,0,"AGTACCATTCAGATAC"
2,2,2,2,2,2,2,2,2,2,2,0,1,0,0,0,0,0,"TTGGCCTCCCTCGTTG"
1,1,1,1,1,1,1,1,2,1,1,0.9,0.1,0,0,0,0,0,"GAAGGCGCTACTAAGT"
1,1,1,1,1,1,1,1,2,1,1,0.9,0.1,0,0,0,0,0,"GAAGGCGCGTTCAGAA"
1,1,1,1,1,1,1,1,2,1,1,0.9,0.1,0,0,0,0,0,"ATGCCTGGTCGGAGTT"
1,1,1,1,1,1,1,1,2,1,1,0.9,0.1,0,0,0,0,0,"GCCTTGCTTGGACTGC"
2,2,2,2,2,2,2,2,2,2,2,0,1,0,0,0,0,0,"CCTCTAGACTTCTTAC"
2,2,2,2,2,2,2,2,2,2,2,0,1,0,0,0,0,0,"GTCCTGCCATCCGCGA"
2,2,2,2,2,2,2,2,2,2,2,0,1,0,0,0,0,0,"AGTACCATAGAGAGCC"
2,2,2,2,2,2,2,2,2,2,2,0,1,0,0,0,0,0,"GGACGTAGCCTCGTTG"
2,2,2,2,2,2,2,2,2,2,2,0,1,0,0,0,0,0,"ACGACTTCCTTCTTAC"
2,2,2,2,2,2,2,2,2,2,2,0,1,0,0,0,0,0,"AGTACCATACTTCTAC"
3,3,3,3,3,3,3,3,3,3,3,0,0,1,0,0,0,0,"GTTAGGACGTAGAATG"
1,1,1,1,1,1,1,1,2,1,1,0.9,0.1,0,0,0,0,0,"AGTACCATCAATCTTG"
2,2,2,2,2,2,2,2,2,2,2,0,1,0,0,0,0,0,"GTTAGGACCTTCTTAC"
2,2,2,2,2,2,2,2,2,2,2,0,1,0,0,0,0,0,"GGCCAGAGACCATTAT"
1,1,1,1,1,1,1,1,2,1,1,0.9,0.1,0,0,0,0,0,"GCCTTGCTCTTCTTAC"
2,2,2,2,2,2,2,2,2,2,2,0,1,0,0,0,0,0,"CTTCATGATCAGATAC"
1,1,1,1,1,1,1,1,2,1,1,0.9,0.1,0,0,0,0,0,"TTGGCCTCGTTCAGAA"
1,1,1,1,1,1,1,1,2,1,1,0.9,0.1,0,0,0,0,0,"ACGACTTCCCTTGAGC"
3,3,3,3,3,3,3,3,3,3,3,0,0,1,0,0,0,0,"GTTAGGACCATCAAGC"
2,2,2,2,2,2,2,2,3,2,2,0,0.9,0.1,0,0,0,0,"GCCTTGCTTCGCTAGG"
2,2,2,2,2,2,2,2,2,2,2,0,1,0,0,0,0,0,"TTAGAAGTACCATTAT"
2,2,2,2,2,2,2,2,3,2,2,0,0.9,0.1,0,0,0,0,"TTGGCCTCCGTTGGTT"
2,2,2,2,2,2,2,2,2,2,2,0,1,0,0,0,0,0,"AATGGTAATTGACTAT"
3,3,3,3,3,3,3,3,3,3,3,0,0,1,0,0,0,0,"GTACCGTATCAGATAC"
3,3,3,3,3,3,3,3,3,3,3,0,0,1,0,0,0,0,"ATGCCTGGACCATTAT"
2,2,2,2,2,2,2,2,2,2,2,0,1,0,0,0,0,0,"ACGACTTCTCCAGACT"
2,2,2,2,2,2,2,2,2,2,2,0,1,0,0,0,0,0,"AAGTTCGTACCATTAT"
1,1,1,1,1,1,1,1,2,1,1,0.9,0.1,0,0,0,0,0,"GGACGTAGTGGCGGTT"
2,2,2,2,2,2,2,2,2,2,2,0,1,0,0,0,0,0,"TTAGAAGTCGTTGGTT"
1,1,1,1,1,1,1,1,2,1,1,0.9,0.1,0,0,0,0,0,"AAGTTCGTTTCAAGCC"
1,1,1,1,1,1,1,1,2,1,1,0.9,0.1,0,0,0,0,0,"TTAGAAGTCTTAGTTC"
2,2,2,2,2,2,2,2,2,2,2,0,1,0,0,0,0,0,"GCCTTGCTGTTCAACT"
2,2,2,2,2,2,2,2,2,2,2,0,1,0,0,0,0,0,"AATGGTAACGTTGGTT"
2,2,2,2,2,2,2,2,2,2,2,0,1,0,0,0,0,0,"GGACGTAGTCCTTATT"
2,3,2,2,3,2,3,2,3,3,2,0,0.5,0.5,0,0,0,0,"GTCCTGCCTGGCGGTT"
2,2,2,2,2,2,2,2,2,2,2,0,1,0,0,0,0,0,"GGACGTAGCAATCTTG"
1,1,1,1,1,1,1,1,2,1,1,0.9,0.1,0,0,0,0,0,"GGACGTAGCTGAGGTT"
1,1,1,1,1,1,1,1,2,1,1,0.9,0.1,0,0,0,0,0,"GTTAGGACGTTCAACT"
1,1,1,1,1,1,1,1,2,1,1,0.9,0.1,0,0,0,0,0,"CCAGAGCGCTATCGTT"
3,3,3,3,3,3,3,3,3,3,3,0,0,1,0,0,0,0,"GTTAGGACTGGCGGTT"
2,2,2,2,2,2,2,2,2,2,2,0,1,0,0,0,0,0,"CTTCATGATGCAGTTG"
2,2,2,2,2,2,2,2,2,2,2,0,1,0,0,0,0,0,"GAAGGCGCCGAGCTTC"
1,1,1,1,1,1,1,1,2,1,1,0.9,0.1,0,0,0,0,0,"GGCCAGAGTCCTTATT"
2,2,2,2,2,2,2,2,2,2,2,0,1,0,0,0,0,0,"GCCTTGCTTACTAAGT"
2,2,2,2,2,2,2,2,2,2,2,0,1,0,0,0,0,0,"CCTCTAGACCGTTGCG"
1,1,1,1,1,1,1,1,2,1,1,0.9,0.1,0,0,0,0,0,"TTGGCCTCAGAGAGCC"
2,2,2,2,2,2,2,2,2,2,2,0,1,0,0,0,0,0,"GAAGGCGCCGTTGGTT"
1,1,1,1,1,1,1,1,2,1,1,0.9,0.1,0,0,0,0,0,"TTGGCCTCTCCAGACT"
2,2,2,2,2,2,2,2,3,2,2,0,0.9,0.1,0,0,0,0,"TTAGAAGTCCTGAAGG"
3,3,3,3,3,3,3,3,3,3,3,0,0,1,0,0,0,0,"GTTAGGACTCGCTAGG"
2,2,2,2,2,2,2,2,2,2,2,0,1,0,0,0,0,0,"AATGGTAATGGACTGC"
2,2,2,2,2,2,2,2,2,2,2,0,1,0,0,0,0,0,"AATGGTAAGTTCAGAA"
2,2,2,2,2,2,2,2,3,2,2,0,0.9,0.1,0,0,0,0,"CTTCATGATGGACTGC"
1,1,1,1,1,1,1,1,2,1,1,0.9,0.1,0,0,0,0,0,"ATGCCTGGATCCGCGA"
2,2,2,2,2,2,2,2,2,2,2,0,1,0,0,0,0,0,"AAGTTCGTGTTCAGAA"
3,3,3,3,3,3,3,3,3,3,3,0,0,1,0,0,0,0,"AATGGTAAAGAGAGCC"
2,2,2,2,2,2,2,2,2,2,2,0,1,0,0,0,0,0,"GGACGTAGAGGACTCA"
2,3,2,2,2,2,2,2,3,3,2,0,0.7,0.3,0,0,0,0,"CTTCATGAAATATTCG"
2,2,2,2,2,2,2,2,2,2,2,0,1,0,0,0,0,0,"GTTAGGACAGAGAGCC"
2,2,2,2,2,2,2,2,2,2,2,0,1,0,0,0,0,0,"CCAGAGCGTTGACTAT"
3,3,3,3,3,3,3,3,3,3,3,0,0,1,0,0,0,0,"AGTACCATCCTTGAGC"
2,2,2,2,2,2,2,2,2,2,2,0,1,0,0,0,0,0,"AAGTTCGTTCGGAGTT"
2,2,2,2,2,2,2,2,2,2,2,0,1,0,0,0,0,0,"CCTCTAGAAGAGAGCC"
2,2,2,2,2,2,2,2,2,2,2,0,1,0,0,0,0,0,"GTACCGTACGTTGGTT"
3,3,3,3,3,3,3,3,3,3,3,0,0,1,0,0,0,0,"AAGTTCGTTCGCTAGG"
2,2,2,2,2,2,2,2,2,2,2,0,1,0,0,0,0,0,"AATGGTAATCGCTAGG"
3,3,3,3,3,3,3,3,3,3,3,0,0,1,0,0,0,0,"AATGGTAACTATCGTT"
1,1,1,1,1,1,1,1,2,1,1,0.9,0.1,0,0,0,0,0,"CTTCATGAAGGACTCA"
2,2,2,2,2,2,2,2,3,2,2,0,0.9,0.1,0,0,0,0,"CCAGAGCGTCGGAGTT"
2,2,2,2,2,2,2,2,2,2,2,0,1,0,0,0,0,0,"CCAGAGCGTCAGATAC"
1,1,1,1,1,1,1,1,2,2,1,0.8,0.2,0,0,0,0,0,"GGCCAGAGACTTCTAC"
2,2,2,2,2,2,2,2,2,2,2,0,1,0,0,0,0,0,"GTTAGGACTCGGAGTT"
1,1,1,1,1,1,1,1,2,1,1,0.9,0.1,0,0,0,0,0,"GTACCGTATTGACTAT"
1,1,1,1,1,1,1,1,2,1,1,0.9,0.1,0,0,0,0,0,"AAGTTCGTAGAAGTAA"
2,2,2,2,2,2,2,2,3,2,2,0,0.9,0.1,0,0,0,0,"GAAGGCGCTCGCTAGG"
2,2,2,2,2,2,2,2,2,2,2,0,1,0,0,0,0,0,"GAAGGCGCTCGGAGTT"
2,2,2,2,2,2,2,2,2,2,2,0,1,0,0,0,0,0,"AAGTTCGTCGAGCTTC"
2,3,2,2,3,2,3,2,3,3,2,0,0.5,0.5,0,0,0,0,"GTTAGGACTGCAGTTG"
3,3,3,3,3,2,3,2,3,3,3,0,0.2,0.8,0,0,0,0,"GCCTTGCTAGAAGTAA"
2,2,2,2,2,2,2,2,2,2,2,0,1,0,0,0,0,0,"AAGTTCGTTATTGAAC"
2,2,2,2,2,2,2,2,2,2,2,0,1,0,0,0,0,0,"GGCCAGAGAATATTCG"
1,1,1,1,1,1,1,1,2,1,1,0.9,0.1,0,0,0,0,0,"GTTAGGACTATTGAAC"
3,3,3,3,3,3,3,3,3,3,3,0,0,1,0,0,0,0,"CTTCATGATATTGAAC"
2,2,2,2,2,2,2,2,2,2,2,0,1,0,0,0,0,0,"GAAGGCGCCCTCGTTG"
2,2,2,2,2,2,2,2,2,2,2,0,1,0,0,0,0,0,"TTGGCCTCTTCAAGCC"
1,1,1,1,1,1,1,1,2,1,1,0.9,0.1,0,0,0,0,0,"AGTACCATTGCAGTTG"
2,2,2,2,2,2,2,2,2,2,2,0,1,0,0,0,0,0,"GCCTTGCTGTAGAATG"
2,2,2,2,2,2,2,2,2,2,2,0,1,0,0,0,0,0,"ATGCCTGGCTATCGTT"
1,1,1,1,1,1,1,1,2,1,1,0.9,0.1,0,0,0,0,0,"GTACCGTATATTGAAC"
2,2,2,2,2,2,2,2,2,2,2,0,1,0,0,0,0,0,"ACGACTTCTTGACTAT"
2,2,2,2,2,2,2,2,2,2,2,0,1,0,0,0,0,0,"GGAGAGTTAGGACTCA"
1,1,1,1,1,1,1,1,2,1,1,0.9,0.1,0,0,0,0,0,"CCAGAGCGAGAAGTAA"
1,1,1,1,1,1,1,1,2,1,1,0.9,0.1,0,0,0,0,0,"AATGGTAATCCTTATT"
1,1,1,1,1,1,1,1,2,1,1,0.9,0.1,0,0,0,0,0,"GGAGAGTTAGAAGTAA"
1,1,1,1,1,1,1,1,2,1,1,0.9,0.1,0,0,0,0,0,"AATGGTAAAGAAGTAA"
4,4,4,4,4,4,4,4,4,4,4,0,0,0,1,0,0,0,"AGGTCGGAAGCATTGA"
4,4,4,4,4,4,4,4,4,4,4,0,0,0,1,0,0,0,"TTCCGTCTACCGAATT"
4,4,4,4,4,4,4,4,4,4,4,0,0,0,1,0,0,0,"TATCAGTTCAATAGTC"
4,4,4,4,4,4,4,4,4,4,4,0,0,0,1,0,0,0,"TATCAGTTTCAGATAC"
3,3,3,3,3,3,3,3,3,3,3,0,0,1,0,0,0,0,"GGTTGCGTCAATGGAT"
4,4,4,4,4,4,4,4,4,4,4,0,0,0,1,0,0,0,"TAGTACGGCCGTTGCG"
4,4,4,4,4,4,4,4,4,4,4,0,0,0,1,0,0,0,"AAGAGCGCCTATCGTT"
4,4,4,4,4,4,4,4,4,4,4,0,0,0,1,0,0,0,"AGGTCGGAAACTTAAC"
4,4,4,4,4,4,4,4,4,4,4,0,0,0,1,0,0,0,"AAGAGCGCAGGACTCA"
3,3,3,3,3,3,3,3,3,3,3,0,0,1,0,0,0,0,"CAAGGCCTCATAGGCG"
3,3,3,3,3,3,3,3,3,3,3,0,0,1,0,0,0,0,"TTGGTACCTGAACCTT"
4,4,4,4,4,4,4,4,4,4,4,0,0,0,1,0,0,0,"TTCGTAATAGAGAGCC"
4,4,4,4,4,4,4,4,4,4,4,0,0,0,1,0,0,0,"CTTGATAGAGCATTGA"
3,3,3,3,3,3,3,3,3,3,3,0,0,1,0,0,0,0,"TATCAGTTTTCTGGTT"
4,4,4,4,4,4,4,4,4,4,4,0,0,0,1,0,0,0,"TTCCGTCTCGACGTTA"
3,3,3,3,3,3,3,3,3,3,3,0,0,1,0,0,0,0,"GTTAGCCGAGGACTCA"
3,3,3,3,3,3,3,3,3,3,3,0,0,1,0,0,0,0,"GGTTGCGTCGAGCTTC"
3,5,3,3,3,3,3,3,3,5,3,0,0,0.8,0,0.2,0,0,"CATGATTCAGACCGTT"
5,5,5,5,5,5,5,5,5,5,5,0,0,0,0,1,0,0,"AATATATCTTCTGGTT"
3,3,3,3,3,3,3,3,3,3,3,0,0,1,0,0,0,0,"TTCGTAATCAATGGAT"
4,4,4,4,4,4,4,4,4,4,4,0,0,0,1,0,0,0,"TTCGTAATAGAAGTAA"
3,3,3,3,3,3,3,3,3,3,3,0,0,1,0,0,0,0,"TATCAGTTGTCTTCTT"
4,4,4,4,4,4,4,4,4,4,4,0,0,0,1,0,0,0,"CTTGATAGCGATATCC"
5,5,5,5,5,5,5,5,5,5,5,0,0,0,0,1,0,0,"GACGATAACAATTCGG"
4,4,4,4,4,4,4,4,4,4,4,0,0,0,1,0,0,0,"TTGGTACCCCTTGAGC"
3,3,3,3,3,3,3,3,3,3,3,0,0,1,0,0,0,0,"CAAGGCCTAGAGAGCC"
4,4,4,4,4,4,4,4,4,4,4,0,0,0,1,0,0,0,"GACGATAACTGAGGTT"
4,4,4,4,4,4,4,4,4,4,4,0,0,0,1,0,0,0,"CATGATTCGTCTTCTT"
3,3,3,3,3,3,3,3,3,3,3,0,0,1,0,0,0,0,"AAGAGCGCAGCATTGA"
3,3,3,3,3,3,3,3,3,3,3,0,0,1,0,0,0,0,"GACGATAAAATAAGGT"
3,5,3,3,3,3,3,3,3,5,3,0,0,0.8,0,0.2,0,0,"CATGATTCCAATGGAT"
4,4,4,4,4,4,4,4,4,4,4,0,0,0,1,0,0,0,"AATATATCAGGCCAAG"
3,3,3,3,3,3,3,3,3,3,3,0,0,1,0,0,0,0,"TTCCGTCTCCTTGAGC"
3,3,3,3,3,3,3,3,3,3,3,0,0,1,0,0,0,0,"TTCCGTCTAGACCGTT"
4,4,4,4,4,4,4,4,4,4,4,0,0,0,1,0,0,0,"GGCATATAAATAAGGT"
3,3,3,3,3,3,3,3,3,3,3,0,0,1,0,0,0,0,"GACGGAGACTGAGGTT"
3,3,3,3,3,3,3,3,3,3,3,0,0,1,0,0,0,0,"AGGTCGGAACCGAATT"
4,4,4,4,4,4,4,4,4,4,4,0,0,0,1,0,0,0,"TTCCGTCTAGAAGTAA"
3,3,3,3,3,3,3,3,3,3,3,0,0,1,0,0,0,0,"GACGATAACGATATCC"
5,5,5,5,5,5,5,5,5,5,5,0,0,0,0,1,0,0,"CAAGGCCTCCGTTGCG"
3,3,3,3,3,3,3,3,3,3,3,0,0,1,0,0,0,0,"TTGGTACCTCCATTGG"
3,3,3,3,3,3,3,3,3,3,3,0,0,1,0,0,0,0,"GACGATAACTATCGTT"
3,3,3,3,3,3,3,3,3,3,3,0,0,1,0,0,0,0,"GACGATAAAGAGAGCC"
4,4,4,4,4,4,4,4,4,4,4,0,0,0,1,0,0,0,"TATCAGTTAATATTCG"
4,4,4,4,4,4,4,4,4,4,4,0,0,0,1,0,0,0,"GCCTGAACTGCAGTTG"
3,3,3,3,3,3,3,3,3,3,3,0,0,1,0,0,0,0,"CATGATTCAGAAGTAA"
4,4,4,4,4,4,4,4,4,4,4,0,0,0,1,0,0,0,"GCCTGAACAGAGAGCC"
4,4,4,4,4,4,4,4,4,4,4,0,0,0,1,0,0,0,"AAGAGCGCCGAGCTTC"
4,4,4,4,4,4,4,4,4,4,4,0,0,0,1,0,0,0,"GGTTGCGTTCCTTATT"
3,3,3,3,3,3,3,3,3,3,3,0,0,1,0,0,0,0,"CAAGGCCTAATAAGGT"
4,4,4,4,4,4,4,4,4,4,4,0,0,0,1,0,0,0,"AATATATCACTTCTAC"
3,5,3,3,3,3,3,3,3,5,3,0,0,0.8,0,0.2,0,0,"CTTGATAGCATAGGCG"
3,3,3,3,3,3,3,3,3,3,3,0,0,1,0,0,0,0,"CAAGGCCTAACTTAAC"
4,4,4,4,4,4,4,4,4,4,4,0,0,0,1,0,0,0,"TAGTACGGTGAACCTT"
3,3,3,3,3,3,3,3,3,3,3,0,0,1,0,0,0,0,"CATGATTCTCAGATAC"
4,4,4,4,4,4,4,4,4,4,4,0,0,0,1,0,0,0,"CTTGATAGTCATGCTG"
3,3,3,3,3,3,3,3,3,3,3,0,0,1,0,0,0,0,"AATATATCAACTTAAC"
5,5,5,5,5,5,5,5,5,5,5,0,0,0,0,1,0,0,"AGGTCGGAAGTCTCCG"
2,2,2,2,2,2,2,2,3,2,2,0,0.9,0.1,0,0,0,0,"TTCCGTCTTAGATGAC"
4,4,4,4,4,4,4,4,4,4,4,0,0,0,1,0,0,0,"TATCAGTTAATAAGGT"
3,5,3,3,3,3,3,3,3,5,3,0,0,0.8,0,0.2,0,0,"TTCCGTCTAGAGAGCC"
3,3,3,3,3,3,3,3,3,3,3,0,0,1,0,0,0,0,"CAAGGCCTTCCTTATT"
4,4,4,4,4,4,4,4,4,4,4,0,0,0,1,0,0,0,"TTGGTACCCATAGGCG"
3,3,3,3,3,3,3,3,3,3,3,0,0,1,0,0,0,0,"TAGTACGGCGACGTTA"
5,5,5,5,5,5,5,5,5,5,5,0,0,0,0,1,0,0,"AAGAGCGCTCATGCTG"
3,3,3,3,3,3,3,3,3,3,3,0,0,1,0,0,0,0,"TTCCGTCTCTGAGGTT"
5,5,5,5,5,5,5,5,5,5,5,0,0,0,0,1,0,0,"CATGATTCAGCATTGA"
3,3,3,3,3,3,3,3,3,3,3,0,0,1,0,0,0,0,"GCCTGAACTCATGCTG"
3,3,3,3,3,3,3,3,3,3,3,0,0,1,0,0,0,0,"CATGATTCTGAACCTT"
4,4,4,4,4,4,4,4,4,4,4,0,0,0,1,0,0,0,"TAGTACGGTCCATTGG"
2,2,2,2,2,2,2,2,7,2,2,0,0.9,0,0,0,0,0.1,"AATATATCTCCATTGG"
5,5,5,5,5,5,5,5,5,5,5,0,0,0,0,1,0,0,"GACGGAGATTCTGGTT"
3,3,3,3,3,3,3,3,3,3,3,0,0,1,0,0,0,0,"TTCCGTCTCAATGGAT"
4,4,4,4,4,4,4,4,4,4,4,0,0,0,1,0,0,0,"GCCTGAACCGATATCC"
4,4,4,4,4,4,4,4,4,4,4,0,0,0,1,0,0,0,"AAGAGCGCAGAGAGCC"
4,4,4,4,4,4,4,4,4,4,4,0,0,0,1,0,0,0,"GCCTGAACTTCTGGTT"
4,4,4,4,4,4,4,4,4,4,4,0,0,0,1,0,0,0,"TTCGTAATAATAAGGT"
5,5,5,5,5,5,5,5,5,5,5,0,0,0,0,1,0,0,"CAAGGCCTACCATTAT"
4,4,4,4,4,4,4,4,4,4,4,0,0,0,1,0,0,0,"TTCGTAATACCATTAT"
5,5,5,5,5,5,5,5,5,5,5,0,0,0,0,1,0,0,"TAGTACGGCTATCGTT"
3,3,3,3,3,3,3,3,3,3,3,0,0,1,0,0,0,0,"AGGTCGGAAATATTCG"
4,4,4,4,4,4,4,4,4,4,4,0,0,0,1,0,0,0,"TATCAGTTTGAACCTT"
4,4,4,4,4,4,4,4,4,4,4,0,0,0,1,0,0,0,"AATATATCTCCTTATT"
4,4,4,4,4,4,4,4,4,4,4,0,0,0,1,0,0,0,"CTTGATAGAACTTAAC"
4,4,4,4,4,4,4,4,4,4,4,0,0,0,1,0,0,0,"AGGTCGGACTGAGGTT"
4,4,4,4,4,4,4,4,4,4,4,0,0,0,1,0,0,0,"TTCCGTCTCATAGGCG"
3,3,3,3,3,3,3,3,3,3,3,0,0,1,0,0,0,0,"GGTTGCGTCGACGTTA"
3,3,3,3,3,3,3,3,3,3,3,0,0,1,0,0,0,0,"TTCGTAATAACTTAAC"
3,3,3,3,3,3,3,3,3,3,3,0,0,1,0,0,0,0,"TTCGTAATCTGAGGTT"
3,5,3,3,3,3,3,3,3,5,3,0,0,0.8,0,0.2,0,0,"CTTGATAGTTCTGGTT"
5,5,5,5,5,5,5,5,5,5,5,0,0,0,0,1,0,0,"TAGTACGGTCAGATAC"
3,3,3,3,3,3,3,3,3,3,3,0,0,1,0,0,0,0,"TTCGTAATACTTCTAC"
4,4,4,4,4,4,4,4,4,4,4,0,0,0,1,0,0,0,"TAGTACGGAGGCCAAG"
3,3,3,3,3,3,3,3,3,3,3,0,0,1,0,0,0,0,"CATTGCAGTTGCCGCT"
4,4,4,4,4,4,4,4,4,4,4,0,0,0,1,0,0,0,"GCCTGAACGTTCAGAA"
3,3,3,3,3,3,3,3,3,3,3,0,0,1,0,0,0,0,"GACGATAACAATAGTC"
3,3,3,3,3,3,3,3,3,3,3,0,0,1,0,0,0,0,"AATATATCTGCAGTTG"
5,5,5,5,5,5,5,5,5,5,5,0,0,0,0,1,0,0,"GTTAGCCGTTCTGGTT"
4,4,4,4,4,4,4,4,4,4,4,0,0,0,1,0,0,0,"TTGGTACCAGTCTCCG"
4,4,4,4,4,4,4,4,4,4,4,0,0,0,1,0,0,0,"TAGTACGGGTTCAGAA"
5,5,5,5,5,5,5,5,5,5,5,0,0,0,0,1,0,0,"GGTTGCGTGTTCAGAA"
3,3,3,3,3,3,3,3,3,3,3,0,0,1,0,0,0,0,"GTTAGCCGCAATAGTC"
3,3,3,3,3,3,3,3,3,3,3,0,0,1,0,0,0,0,"GACGGAGATTGCCGCT"
4,4,4,4,4,4,4,4,4,4,4,0,0,0,1,0,0,0,"GTTAGCCGCTATCGTT"
4,4,4,4,4,4,4,4,4,4,4,0,0,0,1,0,0,0,"CATGATTCTCCATTGG"
4,4,4,4,4,4,4,4,4,4,4,0,0,0,1,0,0,0,"TTCCGTCTAATATTCG"
3,2,3,3,3,2,3,2,3,3,3,0,0.3,0.7,0,0,0,0,"TTGGTACCCTGAGGTT"
3,3,3,3,3,3,3,3,3,3,3,0,0,1,0,0,0,0,"TAGTACGGTTGCCGCT"
3,3,3,3,3,3,3,3,3,3,3,0,0,1,0,0,0,0,"TAGTACGGAATATTCG"
4,4,4,4,4,4,4,4,4,4,4,0,0,0,1,0,0,0,"CAAGGCCTAGTCTCCG"
4,4,4,4,4,4,4,4,4,4,4,0,0,0,1,0,0,0,"CAAGGCCTTGCAGTTG"
3,3,3,3,3,3,3,3,3,3,3,0,0,1,0,0,0,0,"GACGGAGAACCATTAT"
4,4,4,4,4,4,4,4,4,4,4,0,0,0,1,0,0,0,"GACGGAGAAGCATTGA"
4,4,4,4,4,4,4,4,4,4,4,0,0,0,1,0,0,0,"TAGTACGGTCCTTATT"
4,4,4,4,4,4,4,4,4,4,4,0,0,0,1,0,0,0,"TAGTACGGAGAGAGCC"
5,5,5,5,5,5,5,5,5,5,5,0,0,0,0,1,0,0,"TTGGTACCAGGACTCA"
4,4,4,4,4,4,4,4,4,4,4,0,0,0,1,0,0,0,"GGTTGCGTCATAGGCG"
3,3,3,3,3,3,3,3,3,3,3,0,0,1,0,0,0,0,"TATCAGTTAGTCTCCG"
3,3,3,3,3,3,3,3,3,3,3,0,0,1,0,0,0,0,"GGCATATACAATTCGG"
3,3,3,3,3,3,3,3,3,3,3,0,0,1,0,0,0,0,"GACGGAGAAGAGAGCC"
3,3,3,3,3,3,3,3,3,3,3,0,0,1,0,0,0,0,"TAGTACGGCAATGGAT"
3,3,3,3,3,3,3,3,3,3,3,0,0,1,0,0,0,0,"GGCATATATGAACCTT"
3,3,3,3,3,3,3,3,3,3,3,0,0,1,0,0,0,0,"CATGATTCTTCTGGTT"
4,4,4,4,4,4,4,4,4,4,4,0,0,0,1,0,0,0,"CATGATTCCGATATCC"
4,4,4,4,4,4,4,4,4,4,4,0,0,0,1,0,0,0,"GACGATAACCTTGAGC"
3,3,3,3,3,3,3,3,3,3,3,0,0,1,0,0,0,0,"AGGTCGGACAATTCGG"
3,3,3,3,3,3,3,3,3,3,3,0,0,1,0,0,0,0,"TTCCGTCTACCATTAT"
6,6,4,6,6,6,6,6,6,6,6,0,0,0,0.1,0,0.9,0,"TAGTACGGACTTCTAC"
3,3,3,3,3,3,3,3,3,3,3,0,0,1,0,0,0,0,"CTTGATAGAGAGAGCC"
5,5,5,5,5,5,5,5,5,5,5,0,0,0,0,1,0,0,"GACGATAACGAGCTTC"
3,3,3,3,3,3,3,3,3,3,3,0,0,1,0,0,0,0,"TATCAGTTCTATCGTT"
3,3,3,3,3,3,3,3,3,3,3,0,0,1,0,0,0,0,"GACGATAATCCTTATT"
4,4,4,4,4,4,4,4,4,4,4,0,0,0,1,0,0,0,"AAGAGCGCCGATATCC"
4,4,4,4,4,4,4,4,4,4,4,0,0,0,1,0,0,0,"TTCCGTCTCGATATCC"
6,6,6,6,6,6,6,6,6,6,6,0,0,0,0,0,1,0,"TCCTCCGTCTTGAGTT"
5,5,5,5,5,5,5,5,5,5,5,0,0,0,0,1,0,0,"CGAGGCAGAGCATTGA"
6,6,6,6,6,6,6,6,6,6,6,0,0,0,0,0,1,0,"ATTCTCTTAGTCTCCG"
5,5,5,5,5,5,5,5,5,5,5,0,0,0,0,1,0,0,"ACGTTATGTTAGGCGG"
6,6,6,6,6,6,6,6,6,6,6,0,0,0,0,0,1,0,"CTAGGACCAGATTCAT"
6,6,6,6,6,6,6,6,6,6,6,0,0,0,0,0,1,0,"AGTCCGCATGCCTACG"
6,6,6,6,6,6,6,6,6,6,6,0,0,0,0,0,1,0,"GGAGGACGAATAAGGT"
6,6,6,6,6,6,6,6,6,6,6,0,0,0,0,0,1,0,"ACCAATGCTTCTGGTT"
6,6,6,6,6,6,6,6,6,6,6,0,0,0,0,0,1,0,"GGAGGACGCAGGACCA"
7,7,7,7,7,7,7,7,7,7,7,0,0,0,0,0,0,1,"ATTCTCTTTCATGCTG"
6,6,6,6,6,6,6,6,6,6,6,0,0,0,0,0,1,0,"TCAATATAAGATTCAT"
6,6,6,6,6,6,6,6,6,6,6,0,0,0,0,0,1,0,"GTCTTAGCCAATGGAT"
3,3,3,3,3,3,3,3,3,3,3,0,0,1,0,0,0,0,"ACCAATGCAGACCGTT"
6,6,6,6,6,6,6,6,6,6,6,0,0,0,0,0,1,0,"GGAGGACGAGTCTCCG"
5,5,5,5,5,5,5,5,5,5,5,0,0,0,0,1,0,0,"TGAGCGCGTCATGCTG"
6,6,6,6,6,6,6,6,6,6,6,0,0,0,0,0,1,0,"ACGTTATGAGAACCGC"
5,5,5,5,5,6,5,5,5,5,5,0,0,0,0,0.9,0.1,0,"AATCCGTCCTTGAGTT"
5,5,5,5,5,5,5,5,5,5,5,0,0,0,0,1,0,0,"GGAGGACGAATTACCA"
5,5,5,6,5,6,5,6,6,5,5,0,0,0,0,0.6,0.4,0,"ACGTATTACAGGACCA"
5,5,5,5,5,5,5,5,5,5,5,0,0,0,0,1,0,0,"ACGTATTAAGCATTGA"
5,5,5,5,5,5,5,5,5,5,5,0,0,0,0,1,0,0,"ACCAATGCAGTCTCCG"
5,5,5,5,5,5,5,5,5,5,5,0,0,0,0,1,0,0,"TGAGCGCGTTGCGGAC"
5,5,5,5,5,5,5,5,5,5,5,0,0,0,0,1,0,0,"GGACCTCTAGATTCAT"
6,6,6,6,6,6,6,6,6,6,6,0,0,0,0,0,1,0,"GGACCTCTATACTTGA"
5,5,5,5,5,5,5,5,5,5,5,0,0,0,0,1,0,0,"TGAGCGCGAGACCGTT"
5,5,5,5,5,5,5,5,5,5,5,0,0,0,0,1,0,0,"CATAACCTCAATGGAT"
5,5,5,5,5,6,5,6,5,5,5,0,0,0,0,0.8,0.2,0,"ACCTCGAGGTCTTCTT"
5,5,5,5,5,5,5,5,5,5,5,0,0,0,0,1,0,0,"GTCTTAGCTTCTGGTT"
5,5,5,5,5,5,5,5,5,5,5,0,0,0,0,1,0,0,"AGTCCGCAAGTCTCCG"
6,6,6,6,6,6,6,6,6,6,6,0,0,0,0,0,1,0,"ACGTATTAAACTCCGG"
6,6,6,6,6,6,6,6,6,6,6,0,0,0,0,0,1,0,"CGAGGCAGTTCTGGTT"
6,6,6,6,6,6,6,6,6,6,6,0,0,0,0,0,1,0,"CGTATGAAAGACCGTT"
6,6,6,6,6,6,6,6,6,6,6,0,0,0,0,0,1,0,"GGAGGACGTTAGGCGG"
5,5,5,5,5,5,5,5,5,5,5,0,0,0,0,1,0,0,"ATTCTCTTGGTCTGGT"
5,5,5,5,5,5,5,5,5,5,5,0,0,0,0,1,0,0,"ATTCTCTTAGACCGTT"
6,6,6,6,6,6,6,6,6,6,6,0,0,0,0,0,1,0,"ACGTTATGATCTGACC"
5,5,5,5,5,5,5,5,5,5,5,0,0,0,0,1,0,0,"ACGTTATGTTGGAGAG"
7,7,7,7,7,7,7,7,7,7,7,0,0,0,0,0,0,1,"ACGTATTAAGATTCAT"
6,6,6,6,6,6,6,6,6,6,6,0,0,0,0,0,1,0,"CGAGGCAGTTGGAGAG"
5,5,5,5,5,6,5,6,5,5,5,0,0,0,0,0.8,0.2,0,"ACGTATTACTTGAGTT"
5,5,5,5,5,5,5,5,5,5,5,0,0,0,0,1,0,0,"ATTCTCTTAGATTCAT"
7,7,7,7,7,7,7,7,7,7,7,0,0,0,0,0,0,1,"ACCTCGAGAGGCCAAG"
5,5,5,5,5,5,5,5,5,5,5,0,0,0,0,1,0,0,"CGTATGAAAACTTAAC"
5,5,5,5,5,5,5,5,5,5,5,0,0,0,0,1,0,0,"ACCTCGAGCGTTACTC"
6,6,6,6,6,6,6,6,6,6,6,0,0,0,0,0,1,0,"GGAGGACGAGGCCAAG"
5,5,5,5,5,5,5,5,5,5,5,0,0,0,0,1,0,0,"CGTATGAAAGGCCAAG"
7,7,7,7,7,7,7,7,7,7,7,0,0,0,0,0,0,1,"CATAACCTGTTCGGTT"
5,5,5,5,5,5,5,5,5,5,5,0,0,0,0,1,0,0,"ACCAATGCAGAACCGC"
5,5,5,5,5,5,5,5,5,5,5,0,0,0,0,1,0,0,"TTATTCGACAATAGTC"
6,6,6,6,6,6,6,6,6,6,6,0,0,0,0,0,1,0,"AATCCGTCTTCTGGTT"
5,5,5,5,5,5,5,5,5,5,5,0,0,0,0,1,0,0,"CGTATGAAAATTACCA"
5,5,5,5,5,5,5,5,5,5,5,0,0,0,0,1,0,0,"CGTATGAAATACTTGA"
5,5,5,5,5,5,5,5,5,5,5,0,0,0,0,1,0,0,"CATAACCTTTCGACCT"
6,6,6,6,6,6,6,6,6,6,6,0,0,0,0,0,1,0,"GGAGGACGTGCCTACG"
5,5,5,5,5,5,5,5,5,5,5,0,0,0,0,1,0,0,"GGACCTCTCATAGGCG"
6,6,6,6,6,6,6,6,6,6,6,0,0,0,0,0,1,0,"AATCCGTCAATTACCA"
5,5,5,5,5,5,5,5,5,5,5,0,0,0,0,1,0,0,"TGAGCGCGCAATGGAT"
6,6,6,6,6,6,6,6,6,6,6,0,0,0,0,0,1,0,"CATAACCTTTGCGGAC"
6,6,6,6,6,6,6,6,6,6,6,0,0,0,0,0,1,0,"GTCTTAGCCGTTACTC"
5,5,5,5,5,5,5,5,5,5,5,0,0,0,0,1,0,0,"TCCTCCGTGTTCGGTT"
6,6,6,6,6,6,6,6,6,6,6,0,0,0,0,0,1,0,"CTAGGACCTTAGGCGG"
7,7,7,7,7,7,7,7,7,7,7,0,0,0,0,0,0,1,"CTAGGACCGTCTTCTT"
5,5,5,5,5,5,5,5,5,5,5,0,0,0,0,1,0,0,"TTATTCGAATCTGACC"
6,6,6,6,6,6,6,6,6,6,6,0,0,0,0,0,1,0,"CGTATGAACATAGGCG"
6,6,6,6,6,6,6,6,6,6,6,0,0,0,0,0,1,0,"CGAGGCAGTCATGCTG"
5,5,5,5,5,5,5,5,5,5,5,0,0,0,0,1,0,0,"GGAGGACGCGACGTTA"
5,5,5,5,5,5,5,5,5,5,5,0,0,0,0,1,0,0,"ACGTTATGTTCTGGTT"
7,7,7,7,7,7,7,7,7,7,7,0,0,0,0,0,0,1,"CATAACCTAGTCTCCG"
7,7,7,7,7,7,7,7,7,7,7,0,0,0,0,0,0,1,"GTCTTAGCCGTTCCGA"
3,3,3,3,3,3,3,3,3,3,3,0,0,1,0,0,0,0,"ACCTCGAGCGACGTTA"
3,3,3,3,3,3,3,3,3,3,3,0,0,1,0,0,0,0,"CGTATGAAAGTCTCCG"
5,5,5,5,5,5,5,5,5,5,5,0,0,0,0,1,0,0,"GGAGGACGCAATGGAT"
5,5,5,5,5,5,5,5,5,5,5,0,0,0,0,1,0,0,"TTATTCGACGACGTTA"
5,5,5,5,5,5,5,5,5,5,5,0,0,0,0,1,0,0,"AATCCGTCGTCTTCTT"
5,5,5,5,5,5,5,5,5,5,5,0,0,0,0,1,0,0,"ACGTATTACAATGGAT"
5,5,5,5,5,5,5,5,5,5,5,0,0,0,0,1,0,0,"ACCTCGAGATACTTGA"
6,6,6,6,6,6,6,6,6,6,6,0,0,0,0,0,1,0,"ATTCTCTTAGAACCGC"
5,5,5,5,5,5,5,5,5,5,5,0,0,0,0,1,0,0,"CATAACCTCAATAGTC"
6,6,6,6,6,6,6,6,6,6,6,0,0,0,0,0,1,0,"CAACCGCGCAGGACCA"
6,6,6,6,6,6,6,6,6,6,6,0,0,0,0,0,1,0,"TCGCATCTTGGCGGTT"
5,5,5,5,5,5,5,5,5,5,5,0,0,0,0,1,0,0,"ACTATACTAATTACCA"
6,6,6,6,6,6,6,6,6,6,6,0,0,0,0,0,1,0,"ATGACCGATTGACTAT"
5,5,5,5,5,5,5,5,5,5,5,0,0,0,0,1,0,0,"CGGATTACCTTGAGTT"
5,5,5,5,5,5,5,5,5,5,5,0,0,0,0,1,0,0,"CGGATTACTCGCTAGG"
7,7,7,7,7,7,7,7,7,7,7,0,0,0,0,0,0,1,"CGTACGTCCAATCTTG"
5,5,5,5,5,5,5,5,5,5,5,0,0,0,0,1,0,0,"TCGCATCTCGTTGGTT"
5,5,5,5,5,5,5,5,5,5,5,0,0,0,0,1,0,0,"CCATGAAGTCGCTAGG"
7,7,7,7,7,7,7,7,7,7,7,0,0,0,0,0,0,1,"CCAATTCCATCCGCGA"
7,7,7,7,7,7,7,7,7,7,7,0,0,0,0,0,0,1,"ACTATACTTAGGCTCT"
6,6,6,6,6,6,6,6,6,6,6,0,0,0,0,0,1,0,"AACTCGTACGTTACTC"
6,6,6,6,6,6,6,6,6,6,6,0,0,0,0,0,1,0,"TTCTAATGTTAGGCGG"
7,7,7,7,7,7,7,7,7,7,7,0,0,0,0,0,0,1,"ATGACCGAAATTACCA"
6,6,6,6,6,6,6,6,6,6,6,0,0,0,0,0,1,0,"CCGCAACGGTTCAACT"
7,7,7,7,7,7,7,7,7,7,7,0,0,0,0,0,0,1,"TCCAACTTGTTCAACT"
6,6,6,6,6,6,6,6,6,6,6,0,0,0,0,0,1,0,"CGGATTACCAATCTTG"
6,6,6,6,6,6,6,6,6,6,6,0,0,0,0,0,1,0,"TCGCCTGAAATTACCA"
5,5,5,5,5,5,5,5,5,5,5,0,0,0,0,1,0,0,"TTCTAATGCAGGACCA"
6,6,6,6,6,6,6,6,6,6,6,0,0,0,0,0,1,0,"ATGACCGATGGCGGTT"
6,6,6,6,6,6,6,6,6,6,6,0,0,0,0,0,1,0,"TCGCCTGAGTTCGGTT"
5,5,5,5,5,5,5,5,5,5,5,0,0,0,0,1,0,0,"ACTATACTCAGGACCA"
6,6,6,6,6,6,6,6,6,6,6,0,0,0,0,0,1,0,"TTCTAATGAGAACCGC"
6,6,6,6,6,6,6,6,6,6,6,0,0,0,0,0,1,0,"TTGGTTAATGGACTGC"
6,6,6,6,6,6,6,6,6,6,6,0,0,0,0,0,1,0,"ACGTAAGTAATTACCA"
6,6,6,6,6,6,6,6,6,6,6,0,0,0,0,0,1,0,"CAACCGCGTTCGACCT"
6,6,6,6,6,6,6,6,6,6,6,0,0,0,0,0,1,0,"CCGCAACGATACTTGA"
5,5,5,5,5,5,5,5,5,5,5,0,0,0,0,1,0,0,"TTCTAATGCGTTACTC"
6,6,6,6,6,6,6,6,6,6,6,0,0,0,0,0,1,0,"CAACCGCGTTCAAGCC"
6,6,6,6,6,6,6,6,6,6,6,0,0,0,0,0,1,0,"ATGACCGATTGGAGAG"
5,5,5,5,5,5,5,5,5,5,5,0,0,0,0,1,0,0,"TTCTAATGTTCAAGCC"
5,5,5,5,5,5,5,5,5,5,5,0,0,0,0,1,0,0,"CCATGAAGGTAGAATG"
6,6,6,6,6,6,6,6,6,6,6,0,0,0,0,0,1,0,"CCGCAACGGTAGAATG"
6,6,6,6,6,6,6,6,6,6,6,0,0,0,0,0,1,0,"TCGCCTGATTCAAGCC"
5,5,5,5,5,5,5,5,5,5,5,0,0,0,0,1,0,0,"TTCTAATGAATTACCA"
5,5,5,5,5,5,5,5,5,5,5,0,0,0,0,1,0,0,"TCGCCTGAAACTCCGG"
6,6,6,6,6,6,6,6,6,6,6,0,0,0,0,0,1,0,"TTGGTTAAGTAGAATG"
5,5,5,5,5,5,5,5,5,5,5,0,0,0,0,1,0,0,"ATGACCGAAGATTCAT"
6,6,6,6,6,6,6,6,6,6,6,0,0,0,0,0,1,0,"GACCGGAAAATTACCA"
6,6,6,6,6,6,6,6,6,6,6,0,0,0,0,0,1,0,"TGCTTCGCTATTGAAC"
7,7,7,7,7,7,7,7,7,7,7,0,0,0,0,0,0,1,"TGGACGAGCGTTCCGA"
5,5,5,5,5,5,5,5,5,5,5,0,0,0,0,1,0,0,"TCGCATCTCAATCTTG"
5,5,5,5,5,5,5,5,5,5,5,0,0,0,0,1,0,0,"TGGACGAGCTTCTTAC"
7,7,7,7,7,7,7,7,7,7,7,0,0,0,0,0,0,1,"TGCTTCGCTTAGGCGG"
5,5,5,5,5,5,5,5,5,5,5,0,0,0,0,1,0,0,"TCCAACTTTGCCTACG"
5,5,5,5,5,5,5,5,5,5,5,0,0,0,0,1,0,0,"ATGACCGACGTTGGTT"
3,5,3,3,7,3,7,3,3,5,3,0,0,0.6,0,0.2,0,0.2,"ACGTAAGTATCCGCGA"
7,7,7,7,7,7,7,7,7,7,7,0,0,0,0,0,0,1,"AACTCGTACATCAAGC"
6,6,6,6,6,6,6,6,6,6,6,0,0,0,0,0,1,0,"CCAATTCCCTTGAGTT"
6,6,6,6,6,6,6,6,6,6,6,0,0,0,0,0,1,0,"CCGCAACGAATTACCA"
6,6,6,6,6,6,6,6,6,6,6,0,0,0,0,0,1,0,"CGTACGTCATCCGCGA"
5,5,5,5,5,5,5,5,5,5,5,0,0,0,0,1,0,0,"CCAATTCCCATCAAGC"
6,6,6,6,6,6,6,6,6,6,6,0,0,0,0,0,1,0,"ATGACCGACGTTCCGA"
5,5,5,5,5,5,5,5,5,5,5,0,0,0,0,1,0,0,"CGGATTACCAGGACCA"
6,6,6,6,6,6,6,6,6,6,6,0,0,0,0,0,1,0,"TTCTAATGGTTCGGTT"
6,6,6,6,6,6,6,6,6,6,6,0,0,0,0,0,1,0,"TCGCATCTAACTCCGG"
6,6,6,6,6,6,6,6,6,6,6,0,0,0,0,0,1,0,"ACTATACTCCTGAAGG"
5,5,5,5,5,5,5,5,5,5,5,0,0,0,0,1,0,0,"TTCTAATGGTTCAACT"
5,5,5,5,5,5,5,5,5,5,5,0,0,0,0,1,0,0,"CCAATTCCGTTCGGTT"
5,5,5,5,5,5,5,5,5,5,5,0,0,0,0,1,0,0,"TGCTTCGCCCTGAAGG"
6,6,6,6,6,6,6,6,6,6,6,0,0,0,0,0,1,0,"TCCAACTTCTTGAGTT"
6,6,6,6,6,6,6,6,6,6,6,0,0,0,0,0,1,0,"ATGACCGATTCGACCT"
6,6,6,6,6,6,6,6,6,6,6,0,0,0,0,0,1,0,"CCAATTCCTTGGAGAG"
7,7,7,7,7,7,7,7,7,7,7,0,0,0,0,0,0,1,"TTCTAATGCCTGAAGG"
7,7,7,7,7,7,7,7,7,7,7,0,0,0,0,0,0,1,"TCGCATCTCAGGACCA"
6,6,6,6,6,6,6,6,6,6,6,0,0,0,0,0,1,0,"ACGTAAGTTGGCGGTT"
6,6,6,6,6,6,6,6,6,6,6,0,0,0,0,0,1,0,"TTGGTTAATTGACTAT"
5,5,5,5,5,5,5,5,5,5,5,0,0,0,0,1,0,0,"CCGCAACGTTAGGCGG"
5,5,5,5,5,5,5,5,5,5,5,0,0,0,0,1,0,0,"TCCAACTTAGAACCGC"
6,6,6,6,6,6,6,6,6,6,6,0,0,0,0,0,1,0,"TGCTTCGCAACTCCGG"
6,6,6,6,6,6,6,6,6,6,6,0,0,0,0,0,1,0,"TCGCCTGATATTGAAC"
6,6,6,6,6,6,6,6,6,6,6,0,0,0,0,0,1,0,"CCATGAAGCGTTACTC"
6,6,6,6,6,6,6,6,6,6,6,0,0,0,0,0,1,0,"TGCTTCGCATCCGCGA"
6,6,6,6,6,6,6,6,6,6,6,0,0,0,0,0,1,0,"CCGCAACGCATCAAGC"
6,6,6,6,6,6,6,6,6,6,6,0,0,0,0,0,1,0,"TGGACGAGAACTCCGG"
7,7,7,7,7,7,7,7,7,7,7,0,0,0,0,0,0,1,"TCCAACTTTAGGCTCT"
6,6,6,6,6,6,6,6,6,6,6,0,0,0,0,0,1,0,"ACGTAAGTATCTGACC"
6,6,6,6,6,6,6,6,6,6,6,0,0,0,0,0,1,0,"CCAATTCCGTTCAACT"
5,5,5,5,5,5,5,5,5,5,5,0,0,0,0,1,0,0,"TTGGTTAATATTGAAC"
7,7,7,7,7,7,7,7,7,7,7,0,0,0,0,0,0,1,"ATGACCGACTTGAGTT"
6,6,6,6,6,6,6,6,6,6,6,0,0,0,0,0,1,0,"ACGTAAGTGTTCAACT"
7,7,7,7,7,7,7,7,7,7,7,0,0,0,0,0,0,1,"TCGCCTGACGTTGGTT"
5,5,5,5,5,5,5,5,5,5,5,0,0,0,0,1,0,0,"CGTACGTCCCTGAAGG"
6,6,6,6,6,6,6,6,6,6,6,0,0,0,0,0,1,0,"CCATGAAGCTTAGTTC"
6,6,6,6,6,6,6,6,6,6,6,0,0,0,0,0,1,0,"ACTATACTCCTCGTTG"
6,6,6,6,6,6,6,6,6,6,6,0,0,0,0,0,1,0,"TCCAACTTTTCAAGCC"
6,6,6,6,6,6,6,6,6,6,6,0,0,0,0,0,1,0,"TGCTTCGCCTTGAGTT"
6,6,6,6,6,6,6,6,6,6,6,0,0,0,0,0,1,0,"CAACCGCGATACTTGA"
6,6,6,6,6,6,6,6,6,6,6,0,0,0,0,0,1,0,"TTCTAATGCTTAGTTC"
6,6,6,6,6,6,6,6,6,6,6,0,0,0,0,0,1,0,"TCGCATCTTAGGCTCT"
6,6,6,6,6,6,6,6,6,6,6,0,0,0,0,0,1,0,"CCGCAACGAGAACCGC"
6,6,6,6,6,6,6,6,6,6,6,0,0,0,0,0,1,0,"GACCGGAACGTTCCGA"
6,6,6,6,6,6,6,6,6,6,6,0,0,0,0,0,1,0,"CCAATTCCCGTTGGTT"
6,6,6,6,6,6,6,6,6,6,6,0,0,0,0,0,1,0,"TTGGTTAACGTTCCGA"
7,7,7,7,7,7,7,7,7,7,7,0,0,0,0,0,0,1,"TCCAACTTATACTTGA"
3,3,3,3,3,3,3,3,3,3,3,0,0,1,0,0,0,0,"TTCTAATGTGGACTGC"
5,5,5,5,5,5,5,5,5,5,5,0,0,0,0,1,0,0,"TTGGTTAATCGGAGTT"
6,6,6,6,6,6,6,6,6,6,6,0,0,0,0,0,1,0,"CAACCGCGCATCAAGC"
7,7,7,7,7,7,7,7,7,7,7,0,0,0,0,0,0,1,"TCCAACTTTATTGAAC"
6,6,6,6,6,6,6,6,6,6,6,0,0,0,0,0,1,0,"TGGACGAGCTTAGTTC"
6,6,6,6,6,6,6,6,6,6,6,0,0,0,0,0,1,0,"ATGACCGAATACTTGA"
6,6,6,6,6,6,6,6,6,6,6,0,0,0,0,0,1,0,"CGTACGTCTGCCTACG"
6,6,6,6,6,6,6,6,6,6,6,0,0,0,0,0,1,0,"CCAATTCCCTTAGTTC"
6,6,6,6,6,6,6,6,6,6,6,0,0,0,0,0,1,0,"TGCTTCGCTTCAAGCC"
6,6,6,6,6,6,6,6,6,6,6,0,0,0,0,0,1,0,"CGGATTACTTGACTAT"
6,6,6,6,6,6,6,6,6,6,6,0,0,0,0,0,1,0,"CGGATTACAACTCCGG"
7,7,7,7,7,7,7,7,7,7,7,0,0,0,0,0,0,1,"TGGACGAGTGGACTGC"
6,6,6,6,6,6,6,6,6,6,6,0,0,0,0,0,1,0,"ATGACCGATCGGAGTT"
6,6,6,6,6,6,6,6,6,6,6,0,0,0,0,0,1,0,"TGCTTCGCTCGGAGTT"
6,6,6,6,6,6,6,6,6,6,6,0,0,0,0,0,1,0,"CAACCGCGTGCCTACG"
7,7,7,7,7,7,7,7,7,7,7,0,0,0,0,0,0,1,"TCGCCTGAGTTCAACT"
6,6,6,6,6,6,6,6,6,6,6,0,0,0,0,0,1,0,"CCGCAACGTGGACTGC"
7,7,7,7,7,7,7,7,7,7,7,0,0,0,0,0,0,1,"AACTCGTACCTGAAGG"
6,6,6,6,6,6,6,6,6,6,6,0,0,0,0,0,1,0,"TGGACGAGCCTGAAGG"
7,7,7,7,7,7,7,7,7,7,7,0,0,0,0,0,0,1,"ACTATACTTCCAGACT"
6,6,6,6,6,6,6,6,6,6,6,0,0,0,0,0,1,0,"CGTACGTCTCGGAGTT"
6,6,6,6,6,6,6,6,6,6,6,0,0,0,0,0,1,0,"AACTCGTAATACTTGA"
2,2,2,2,2,2,2,2,2,2,2,0,1,0,0,0,0,0,"GTCCTGCCTTCTGGTT"
2,2,2,2,2,2,2,2,2,2,2,0,1,0,0,0,0,0,"GTCCTGCCTAGGCTCT"
1,1,1,1,1,1,1,1,2,1,1,0.9,0.1,0,0,0,0,0,"ACGACTTCAATTACCA"
1,1,1,1,1,1,1,1,2,1,1,0.9,0.1,0,0,0,0,0,"GTACCGTAAGGCCAAG"
1,1,1,1,1,1,1,1,2,1,1,0.9,0.1,0,0,0,0,0,"GCCTTGCTAGAACCGC"
1,1,1,1,1,1,1,1,2,1,1,0.9,0.1,0,0,0,0,0,"AATGGTAATTGGAGAG"
1,1,1,1,1,1,1,1,2,1,1,0.9,0.1,0,0,0,0,0,"AATGGTAATAGGCTCT"
2,2,2,2,2,2,2,2,2,2,2,0,1,0,0,0,0,0,"GGAGAGTTTTAGGCGG"
2,2,2,2,2,2,2,2,2,2,2,0,1,0,0,0,0,0,"AGTACCATTCATGCTG"
2,2,2,2,2,2,2,2,2,2,2,0,1,0,0,0,0,0,"GTCCTGCCACCGAATT"
1,1,1,1,1,1,1,1,2,1,1,0.9,0.1,0,0,0,0,0,"GTCCTGCCTTGCCGCT"
2,2,2,2,2,2,2,2,2,2,2,0,1,0,0,0,0,0,"AATGGTAAAGCATTGA"
1,1,1,1,1,1,1,1,2,1,1,0.9,0.1,0,0,0,0,0,"GAAGGCGCAATTACCA"
2,2,2,2,2,2,2,2,2,2,2,0,1,0,0,0,0,0,"GCCTTGCTGGTCTGGT"
1,1,1,1,1,1,1,1,2,1,1,0.9,0.1,0,0,0,0,0,"TTAGAAGTCAATTCGG"
1,1,1,1,1,1,1,1,2,1,1,0.9,0.1,0,0,0,0,0,"CCTCTAGAAATTACCA"
1,1,1,1,1,1,1,1,2,1,1,0.9,0.1,0,0,0,0,0,"GTACCGTAAACTTAAC"
3,3,3,3,3,3,3,3,3,3,3,0,0,1,0,0,0,0,"CTTCATGACAATAGTC"
3,3,3,3,3,3,3,3,3,3,3,0,0,1,0,0,0,0,"CCAGAGCGTTGCGGAC"
2,2,2,2,2,2,2,2,2,2,2,0,1,0,0,0,0,0,"ACGACTTCAACTTAAC"
1,1,1,1,1,1,1,1,2,1,1,0.9,0.1,0,0,0,0,0,"GAAGGCGCCAGGACCA"
2,2,2,2,2,2,2,2,2,2,2,0,1,0,0,0,0,0,"GGACGTAGAGTCTCCG"
2,2,2,2,2,2,2,2,3,2,2,0,0.9,0.1,0,0,0,0,"GGCCAGAGACCGAATT"
2,2,2,2,2,2,2,2,2,2,2,0,1,0,0,0,0,0,"ATGCCTGGAGGCCAAG"
2,2,2,2,2,2,2,2,2,2,2,0,1,0,0,0,0,0,"AATGGTAAAATTACCA"
1,1,1,1,1,1,1,1,2,1,1,0.9,0.1,0,0,0,0,0,"GTTAGGACAACTTAAC"
2,2,2,2,2,2,2,2,2,2,2,0,1,0,0,0,0,0,"GTTAGGACAGCATTGA"
2,2,2,2,2,2,2,2,2,2,2,0,1,0,0,0,0,0,"CCAGAGCGGTTCGGTT"
2,2,2,2,2,2,2,2,2,2,2,0,1,0,0,0,0,0,"GCCTTGCTCAGGACCA"
1,1,1,1,1,1,1,1,2,1,1,0.9,0.1,0,0,0,0,0,"CCAGAGCGCATAGGCG"
2,2,2,2,2,2,2,2,2,2,2,0,1,0,0,0,0,0,"CCAGAGCGGTCTTCTT"
1,1,1,1,1,1,1,1,2,1,1,0.9,0.1,0,0,0,0,0,"CCTCTAGACGACGTTA"
1,1,1,1,1,1,1,1,2,1,1,0.9,0.1,0,0,0,0,0,"AAGTTCGTCAATTCGG"
2,2,2,2,2,2,2,2,3,2,2,0,0.9,0.1,0,0,0,0,"CTTCATGAAATAAGGT"
1,1,1,1,1,1,1,1,2,1,1,0.9,0.1,0,0,0,0,0,"GTACCGTACGTTACTC"
2,2,2,2,2,2,2,2,2,2,2,0,1,0,0,0,0,0,"GTTAGGACGGTCTGGT"
2,2,2,2,2,2,2,2,2,2,2,0,1,0,0,0,0,0,"CTTCATGAGTTCGGTT"
1,1,1,1,1,1,1,1,2,1,1,0.9,0.1,0,0,0,0,0,"TTAGAAGTAGATTCAT"
2,2,2,2,2,2,2,2,2,2,2,0,1,0,0,0,0,0,"GTCCTGCCAACTCCGG"
2,2,2,2,2,2,2,2,2,2,2,0,1,0,0,0,0,0,"AATGGTAAAGGCCAAG"
3,3,3,3,3,3,3,3,3,3,3,0,0,1,0,0,0,0,"TTAGAAGTTTCGACCT"
2,2,2,2,2,2,2,2,2,2,2,0,1,0,0,0,0,0,"GCCTTGCTCAATAGTC"
2,2,2,2,2,2,2,2,2,2,2,0,1,0,0,0,0,0,"GTACCGTAAGATTCAT"
2,2,2,2,2,2,2,2,2,2,2,0,1,0,0,0,0,0,"CTTCATGAGTCTTCTT"
2,2,2,2,2,2,2,2,2,2,2,0,1,0,0,0,0,0,"TTAGAAGTAGAACCGC"
1,1,1,1,1,1,1,1,2,1,1,0.9,0.1,0,0,0,0,0,"GTTAGGACATCTGACC"
2,2,2,2,2,2,2,2,2,2,2,0,1,0,0,0,0,0,"GCCTTGCTCTTGAGTT"
2,2,2,2,2,2,2,2,2,2,2,0,1,0,0,0,0,0,"ATGCCTGGAGTCTCCG"
2,2,2,2,2,2,2,2,2,2,2,0,1,0,0,0,0,0,"ATGCCTGGGTTCGGTT"
2,2,2,2,2,2,2,2,2,2,2,0,1,0,0,0,0,0,"GTTAGGACTTGGAGAG"
2,2,2,2,2,2,2,2,2,2,2,0,1,0,0,0,0,0,"GGCCAGAGAGATTCAT"
2,2,2,2,2,2,2,2,2,2,2,0,1,0,0,0,0,0,"GTACCGTAAATAAGGT"
3,3,3,3,3,3,3,3,3,3,3,0,0,1,0,0,0,0,"GGAGAGTTAATTACCA"
1,1,1,1,1,1,1,1,2,1,1,0.9,0.1,0,0,0,0,0,"CTTCATGAATCTGACC"
2,2,2,2,2,2,2,2,2,2,2,0,1,0,0,0,0,0,"AATGGTAATTCGACCT"
1,1,1,1,1,1,2,1,2,2,1,0.7,0.3,0,0,0,0,0,"GGAGAGTTAGCATTGA"
3,3,3,3,3,3,3,3,3,3,3,0,0,1,0,0,0,0,"GTTAGGACTCATGCTG"
2,2,2,2,2,2,2,2,2,2,2,0,1,0,0,0,0,0,"GGAGAGTTAACTTAAC"
1,1,1,1,1,1,1,1,2,1,1,0.9,0.1,0,0,0,0,0,"GGACGTAGAGGCCAAG"
2,2,2,2,2,2,2,2,2,2,2,0,1,0,0,0,0,0,"ATGCCTGGAACTTAAC"
2,2,2,2,2,2,2,2,2,2,2,0,1,0,0,0,0,0,"ACGACTTCTAGGCTCT"
1,1,1,1,1,1,4,4,2,4,1,0.6,0.1,0,0.3,0,0,0,"GGAGAGTTACCGAATT"
2,2,2,2,2,2,2,2,2,2,2,0,1,0,0,0,0,0,"GTACCGTACGACGTTA"
2,2,2,2,2,2,2,2,2,2,2,0,1,0,0,0,0,0,"GCCTTGCTAACTTAAC"
2,2,2,2,2,2,2,2,2,2,2,0,1,0,0,0,0,0,"TTAGAAGTAATTACCA"
1,1,1,1,1,1,1,1,2,1,1,0.9,0.1,0,0,0,0,0,"AAGTTCGTTTGGAGAG"
2,2,2,2,2,2,2,2,2,2,2,0,1,0,0,0,0,0,"AGTACCATAGATTCAT"
3,3,3,3,3,3,3,3,3,3,3,0,0,1,0,0,0,0,"GGACGTAGCATAGGCG"
2,2,2,2,2,2,2,2,2,2,2,0,1,0,0,0,0,0,"GTACCGTAGTTCGGTT"
2,2,2,2,2,2,2,2,2,2,2,0,1,0,0,0,0,0,"GTCCTGCCCGATATCC"
2,2,2,2,2,2,2,2,2,2,2,0,1,0,0,0,0,0,"GCCTTGCTTTGGAGAG"
2,2,2,2,2,2,2,2,2,2,2,0,1,0,0,0,0,0,"GTCCTGCCATCTGACC"
3,3,3,3,3,3,3,3,3,3,3,0,0,1,0,0,0,0,"ACGACTTCCAATAGTC"
2,2,2,2,2,2,2,2,2,2,2,0,1,0,0,0,0,0,"GGAGAGTTCTTGAGTT"
1,1,1,1,1,1,1,1,2,2,1,0.8,0.2,0,0,0,0,0,"GGAGAGTTTCATGCTG"
1,1,1,1,1,1,1,1,2,1,1,0.9,0.1,0,0,0,0,0,"GGACGTAGGTCTTCTT"
2,2,2,2,2,2,2,2,2,2,2,0,1,0,0,0,0,0,"AATGGTAAAACTCCGG"
2,2,2,2,2,2,2,2,2,2,2,0,1,0,0,0,0,0,"AAGTTCGTAGATTCAT"
2,2,2,2,2,2,2,2,2,2,2,0,1,0,0,0,0,0,"ATGCCTGGTTGGAGAG"
3,3,3,3,3,3,3,3,3,3,3,0,0,1,0,0,0,0,"AAGTTCGTCAGGACCA"
1,1,1,1,1,1,1,1,2,1,1,0.9,0.1,0,0,0,0,0,"TTGGCCTCAATAAGGT"
1,1,1,1,1,1,1,1,2,1,1,0.9,0.1,0,0,0,0,0,"AAGTTCGTCTTGAGTT"
1,1,1,1,1,1,1,1,2,1,1,0.9,0.1,0,0,0,0,0,"GGAGAGTTAGGCCAAG"
1,1,1,1,1,1,1,1,2,1,1,0.9,0.1,0,0,0,0,0,"GGAGAGTTCGATATCC"
4,4,4,4,4,4,4,4,4,4,4,0,0,0,1,0,0,0,"CATTGCAGCAATCTTG"
4,4,4,4,4,4,4,4,4,4,4,0,0,0,1,0,0,0,"GTTAGCCGCGTTACTC"
4,4,4,4,4,4,4,4,4,4,4,0,0,0,1,0,0,0,"GACGGAGAATCTGACC"
4,4,4,4,4,4,4,4,4,4,4,0,0,0,1,0,0,0,"CAAGGCCTCGTTACTC"
3,3,3,3,3,3,3,3,3,3,3,0,0,1,0,0,0,0,"TTCGTAATGTTCGGTT"
4,4,4,4,4,4,4,4,4,4,4,0,0,0,1,0,0,0,"TTCCGTCTCAATCTTG"
3,5,3,3,3,3,3,3,3,5,3,0,0,0.8,0,0.2,0,0,"TTCCGTCTCTTGAGTT"
3,3,3,3,3,3,3,3,3,3,3,0,0,1,0,0,0,0,"CATGATTCCGTTACTC"
4,4,4,4,4,4,4,4,4,4,4,0,0,0,1,0,0,0,"TAGTACGGTTGGAGAG"
3,5,3,3,3,3,3,3,3,5,3,0,0,0.8,0,0.2,0,0,"AATATATCTTGGAGAG"
4,4,4,4,4,4,4,4,4,4,4,0,0,0,1,0,0,0,"TAGTACGGAACTCCGG"
4,4,4,4,4,4,4,4,4,4,4,0,0,0,1,0,0,0,"CATGATTCTTCGACCT"
4,4,4,4,4,4,4,4,4,4,4,0,0,0,1,0,0,0,"GGCATATATGGACTGC"
4,4,4,4,4,4,4,4,4,4,4,0,0,0,1,0,0,0,"GACGATAATTGCGGAC"
4,4,4,4,4,4,4,4,4,4,4,0,0,0,1,0,0,0,"CATTGCAGTTCAAGCC"
4,4,4,4,4,4,4,4,4,4,4,0,0,0,1,0,0,0,"GACGATAAAGATTCAT"
4,4,4,4,4,4,4,4,4,4,4,0,0,0,1,0,0,0,"GACGGAGACTTCTTAC"
5,5,5,5,5,5,5,5,5,5,5,0,0,0,0,1,0,0,"AGGTCGGAATCCGCGA"
4,4,4,4,4,4,4,4,4,4,4,0,0,0,1,0,0,0,"GGTTGCGTTCCAGACT"
4,4,4,4,4,4,4,4,4,4,4,0,0,0,1,0,0,0,"CATGATTCCGTTGGTT"
4,4,4,4,4,4,4,4,4,4,4,0,0,0,1,0,0,0,"TTCCGTCTCAGGACCA"
3,3,3,3,3,3,3,3,3,3,3,0,0,1,0,0,0,0,"AATATATCCGTTGGTT"
4,4,4,4,4,4,4,4,4,4,4,0,0,0,1,0,0,0,"GACGATAATTAGGCGG"
2,2,2,2,2,2,2,2,3,2,2,0,0.9,0.1,0,0,0,0,"TTCGTAATTGGCGGTT"
5,5,5,5,5,5,5,5,5,5,5,0,0,0,0,1,0,0,"TAGTACGGCATCAAGC"
4,4,4,4,4,4,4,4,4,4,4,0,0,0,1,0,0,0,"AAGAGCGCGTTCAACT"
4,4,4,4,4,4,4,4,4,4,4,0,0,0,1,0,0,0,"GGCATATATTGCGGAC"
5,5,5,5,5,5,5,5,5,5,5,0,0,0,0,1,0,0,"GACGATAATGCCTACG"
4,4,4,4,4,4,4,4,4,4,4,0,0,0,1,0,0,0,"GACGGAGAAATTACCA"
4,4,4,4,4,4,4,4,4,4,4,0,0,0,1,0,0,0,"CAAGGCCTTTAGGCGG"
4,4,4,4,4,4,4,4,4,4,4,0,0,0,1,0,0,0,"GTTAGCCGTCGGAGTT"
3,3,3,3,3,3,3,3,3,3,3,0,0,1,0,0,0,0,"AAGAGCGCTAGGCTCT"
4,4,4,4,4,4,4,4,4,4,4,0,0,0,1,0,0,0,"TTGGTACCTTGGAGAG"
4,4,4,4,4,4,4,4,4,4,4,0,0,0,1,0,0,0,"AGGTCGGATCGCTAGG"
4,4,4,4,4,4,4,4,4,4,4,0,0,0,1,0,0,0,"GTTAGCCGTTGACTAT"
3,3,3,3,3,3,3,3,3,3,3,0,0,1,0,0,0,0,"GACGGAGATTGACTAT"
3,3,3,3,3,3,3,3,3,3,3,0,0,1,0,0,0,0,"TAGTACGGTCGGAGTT"
4,4,4,4,4,4,4,4,4,4,4,0,0,0,1,0,0,0,"AAGAGCGCCTTGAGTT"
3,3,3,3,3,3,3,3,3,3,3,0,0,1,0,0,0,0,"TATCAGTTCAATCTTG"
3,3,3,3,3,3,3,3,3,3,3,0,0,1,0,0,0,0,"TTGGTACCTTGACTAT"
4,4,4,4,4,4,4,4,4,4,4,0,0,0,1,0,0,0,"AATATATCTTGCGGAC"
4,4,4,4,4,4,4,4,4,4,4,0,0,0,1,0,0,0,"AATATATCCGTTACTC"
3,3,3,3,3,3,3,3,3,3,3,0,0,1,0,0,0,0,"TTCGTAATTTGCGGAC"
4,4,4,4,4,4,4,4,4,4,4,0,0,0,1,0,0,0,"AGGTCGGATTAGGCGG"
3,3,3,3,3,3,3,3,3,3,3,0,0,1,0,0,0,0,"CTTGATAGAGATTCAT"
4,4,4,4,4,4,4,4,4,4,4,0,0,0,1,0,0,0,"TTGGTACCCTTCTTAC"
5,5,5,5,5,5,5,5,5,5,5,0,0,0,0,1,0,0,"CAAGGCCTCAATCTTG"
3,3,3,3,3,3,3,3,3,3,3,0,0,1,0,0,0,0,"TTCCGTCTTCGCTAGG"
3,3,3,3,3,3,3,3,3,3,3,0,0,1,0,0,0,0,"AATATATCTCCAGACT"
5,5,5,5,5,5,5,5,5,5,5,0,0,0,0,1,0,0,"AATATATCCATCAAGC"
3,5,3,3,3,3,3,3,3,5,3,0,0,0.8,0,0.2,0,0,"TTCCGTCTTTGGAGAG"
4,4,4,4,4,4,4,4,4,4,4,0,0,0,1,0,0,0,"TTCCGTCTCATCAAGC"
3,3,3,3,3,3,3,3,3,3,3,0,0,1,0,0,0,0,"TTGGTACCCAGGACCA"
5,5,5,5,5,5,5,5,5,5,5,0,0,0,0,1,0,0,"AGGTCGGACTTAGTTC"
4,4,4,4,4,4,4,4,4,4,4,0,0,0,1,0,0,0,"TTCCGTCTCCTCGTTG"
3,3,3,3,3,3,3,3,3,3,3,0,0,1,0,0,0,0,"CTTGATAGCGTTCCGA"
4,4,4,4,4,4,4,4,4,4,4,0,0,0,1,0,0,0,"CATTGCAGATCTGACC"
4,4,4,4,4,4,4,4,4,4,4,0,0,0,1,0,0,0,"TTGGTACCTCGGAGTT"
5,5,5,5,5,5,5,5,5,5,5,0,0,0,0,1,0,0,"TTGGTACCGGTCTGGT"
3,3,3,3,3,3,3,3,3,3,3,0,0,1,0,0,0,0,"GACGGAGATCGGAGTT"
4,4,4,4,4,4,4,4,4,4,4,0,0,0,1,0,0,0,"CTTGATAGTCGCTAGG"
3,3,3,3,3,3,3,3,3,3,3,0,0,1,0,0,0,0,"TTCCGTCTGGTCTGGT"
3,3,3,3,3,3,3,3,3,3,3,0,0,1,0,0,0,0,"GCCTGAACTTCGACCT"
3,3,3,3,3,3,3,3,3,3,3,0,0,1,0,0,0,0,"GGTTGCGTGTTCAACT"
4,4,4,4,4,4,4,4,4,4,4,0,0,0,1,0,0,0,"AATATATCTCGGAGTT"
5,5,5,5,5,5,5,5,5,5,5,0,0,0,0,1,0,0,"CTTGATAGTCGGAGTT"
3,3,3,3,3,3,3,3,3,3,3,0,0,1,0,0,0,0,"CTTGATAGCGTTGGTT"
3,5,3,3,3,3,3,3,3,5,3,0,0,0.8,0,0.2,0,0,"CATTGCAGCCTCGTTG"
3,5,3,3,3,3,3,3,3,5,3,0,0,0.8,0,0.2,0,0,"CTTGATAGTTCGACCT"
3,3,3,3,3,3,3,3,3,3,3,0,0,1,0,0,0,0,"GACGATAAAATTACCA"
3,3,3,3,3,3,3,3,3,3,3,0,0,1,0,0,0,0,"TTGGTACCATCCGCGA"
3,3,3,3,3,3,3,3,3,3,3,0,0,1,0,0,0,0,"AAGAGCGCCTTAGTTC"
4,4,4,4,4,4,4,4,4,4,4,0,0,0,1,0,0,0,"TTGGTACCTTCAAGCC"
5,5,5,5,5,5,5,5,5,5,5,0,0,0,0,1,0,0,"CAAGGCCTAACTCCGG"
3,3,3,3,3,3,3,3,3,3,3,0,0,1,0,0,0,0,"GGCATATATCGCTAGG"
3,3,3,3,3,3,3,3,3,3,3,0,0,1,0,0,0,0,"CATGATTCAGATTCAT"
3,3,3,3,3,3,3,3,3,3,3,0,0,1,0,0,0,0,"CTTGATAGTTGACTAT"
3,3,3,3,3,3,3,3,3,3,3,0,0,1,0,0,0,0,"AAGAGCGCCGTTGGTT"
3,3,3,3,3,3,3,3,3,3,3,0,0,1,0,0,0,0,"TTGGTACCGTTCGGTT"
3,3,3,3,3,3,3,3,3,3,3,0,0,1,0,0,0,0,"TTGGTACCTAGGCTCT"
4,4,4,4,4,4,4,4,4,4,4,0,0,0,1,0,0,0,"GACGATAATTCGACCT"
5,5,5,5,5,5,5,5,5,5,5,0,0,0,0,1,0,0,"GACGATAAAACTCCGG"
4,4,4,4,4,4,4,4,4,4,4,0,0,0,1,0,0,0,"TAGTACGGTTCGACCT"
3,3,3,3,3,3,3,3,3,3,3,0,0,1,0,0,0,0,"GCCTGAACTCGGAGTT"
3,3,3,3,3,3,3,3,3,3,3,0,0,1,0,0,0,0,"TTCGTAATCGTTGGTT"
4,4,4,4,4,4,4,4,4,4,4,0,0,0,1,0,0,0,"TTCGTAATGTTCAACT"
5,5,5,5,5,5,5,5,5,5,5,0,0,0,0,1,0,0,"GCCTGAACCCTCGTTG"
3,3,3,3,3,3,3,3,3,3,3,0,0,1,0,0,0,0,"TTGGTACCATACTTGA"
4,4,4,4,4,4,4,4,4,4,4,0,0,0,1,0,0,0,"CATGATTCTGCCTACG"
3,3,3,3,3,3,3,3,3,3,3,0,0,1,0,0,0,0,"CAAGGCCTATACTTGA"
3,3,3,3,3,3,3,3,3,3,3,0,0,1,0,0,0,0,"GTTAGCCGTCGCTAGG"
3,3,3,3,3,3,3,3,3,3,3,0,0,1,0,0,0,0,"CTTGATAGATCCGCGA"
3,3,3,3,3,3,3,3,3,3,3,0,0,1,0,0,0,0,"CATGATTCTGGACTGC"
3,3,3,3,3,3,3,3,3,3,3,0,0,1,0,0,0,0,"TTCGTAATTTCAAGCC"
3,3,3,3,3,3,3,3,3,3,3,0,0,1,0,0,0,0,"CATTGCAGTAGGCTCT"
3,3,3,3,3,3,3,3,3,3,3,0,0,1,0,0,0,0,"GACGATAACTTCTTAC"
3,3,3,3,3,3,3,3,3,3,3,0,0,1,0,0,0,0,"AAGAGCGCTTAGGCGG"
3,3,3,3,3,3,3,3,3,3,3,0,0,1,0,0,0,0,"GCCTGAACCGTTGGTT"
4,4,4,4,4,4,4,4,4,4,4,0,0,0,1,0,0,0,"CATGATTCCTTCTTAC"
4,4,4,4,4,4,4,4,4,4,4,0,0,0,1,0,0,0,"GACGGAGACCTCGTTG"
4,4,4,4,4,4,4,4,4,4,4,0,0,0,1,0,0,0,"GACGATAATCGCTAGG"
3,3,3,3,3,3,3,3,3,3,3,0,0,1,0,0,0,0,"TTGGTACCCGTTACTC"
3,3,3,3,3,3,3,3,3,3,3,0,0,1,0,0,0,0,"TTCGTAATCTTAGTTC"
4,4,4,4,4,4,4,4,4,4,4,0,0,0,1,0,0,0,"TTCCGTCTTGGACTGC"
3,3,3,3,3,3,3,3,3,3,3,0,0,1,0,0,0,0,"CAAGGCCTTTGGAGAG"
3,3,3,3,3,3,3,3,3,3,3,0,0,1,0,0,0,0,"CATGATTCATCCGCGA"
4,4,4,4,4,4,4,4,4,4,4,0,0,0,1,0,0,0,"GACGGAGAAGAACCGC"
3,3,3,3,3,3,3,3,3,3,3,0,0,1,0,0,0,0,"AAGAGCGCCGTTCCGA"
3,5,3,3,3,3,3,3,3,5,3,0,0,0.8,0,0.2,0,0,"GACGGAGACATCAAGC"
2,2,2,2,2,2,2,2,3,2,2,0,0.9,0.1,0,0,0,0,"GCCTGAACTTGACTAT"
3,5,3,3,3,3,3,3,3,5,3,0,0,0.8,0,0.2,0,0,"TTCGTAATCATCAAGC"
3,3,3,3,3,3,3,3,3,3,3,0,0,1,0,0,0,0,"GCCTGAACCTTGAGTT"
3,3,3,3,3,3,3,3,3,3,3,0,0,1,0,0,0,0,"AATATATCGTTCAACT"
3,3,3,3,3,3,3,3,3,3,3,0,0,1,0,0,0,0,"CAAGGCCTTATTGAAC"
4,4,4,4,4,4,4,4,4,4,4,0,0,0,1,0,0,0,"TAGTACGGCGTTACTC"
3,3,3,3,3,3,3,3,3,3,3,0,0,1,0,0,0,0,"AGGTCGGAAATTACCA"
3,3,3,3,3,3,3,3,3,3,3,0,0,1,0,0,0,0,"GTTAGCCGCGTTGGTT"
4,4,4,4,4,4,4,4,4,4,4,0,0,0,1,0,0,0,"TTCCGTCTATCCGCGA"
3,3,3,3,3,3,3,3,3,3,3,0,0,1,0,0,0,0,"TTCCGTCTTTGCGGAC"
3,3,3,3,3,3,3,3,3,3,3,0,0,1,0,0,0,0,"TATCAGTTGTTCGGTT"
3,3,3,3,3,3,3,3,3,3,3,0,0,1,0,0,0,0,"GGTTGCGTCGTTCCGA"
3,3,3,3,3,3,3,3,3,3,3,0,0,1,0,0,0,0,"CAAGGCCTTTGCGGAC"
3,3,3,3,3,3,3,3,3,3,3,0,0,1,0,0,0,0,"TATCAGTTATCCGCGA"
3,5,3,3,3,3,3,3,3,5,3,0,0,0.8,0,0.2,0,0,"CAAGGCCTCCTGAAGG"
3,3,3,3,3,3,3,3,3,3,3,0,0,1,0,0,0,0,"GTTAGCCGCTTCTTAC"
2,2,2,2,2,2,2,2,3,2,2,0,0.9,0.1,0,0,0,0,"CAAGGCCTCCTCGTTG"
3,3,3,3,3,3,3,3,3,3,3,0,0,1,0,0,0,0,"AGGTCGGAGTAGAATG"
4,4,4,4,4,4,4,4,4,4,4,0,0,0,1,0,0,0,"TATCAGTTTTGGAGAG"
3,3,3,3,3,3,3,3,3,3,3,0,0,1,0,0,0,0,"TTCCGTCTATACTTGA"
3,3,3,3,3,3,3,3,3,3,3,0,0,1,0,0,0,0,"CAAGGCCTGTTCGGTT"
3,3,3,3,3,3,3,3,3,3,3,0,0,1,0,0,0,0,"TTCGTAATATACTTGA"
3,3,3,3,3,3,3,3,3,3,3,0,0,1,0,0,0,0,"TTCGTAATTGGACTGC"
3,3,3,3,3,3,3,3,3,3,3,0,0,1,0,0,0,0,"CATTGCAGGTAGAATG"
3,3,3,3,3,3,3,3,3,3,3,0,0,1,0,0,0,0,"CAAGGCCTCTTCTTAC"
3,5,3,3,3,3,3,3,3,5,3,0,0,0.8,0,0.2,0,0,"TTCCGTCTCTTCTTAC"
3,3,3,3,3,3,3,3,3,3,3,0,0,1,0,0,0,0,"GCCTGAACCGTTCCGA"
3,3,3,3,3,3,3,3,3,3,3,0,0,1,0,0,0,0,"GGTTGCGTAACTCCGG"
4,4,4,4,4,4,4,4,4,4,4,0,0,0,1,0,0,0,"TAGTACGGGTAGAATG"
6,6,6,6,6,6,6,6,6,6,6,0,0,0,0,0,1,0,"ACTATACTAATAAGGT"
6,6,6,6,6,6,6,6,6,6,6,0,0,0,0,0,1,0,"TCGCCTGAAGAGAGCC"
7,7,7,7,7,7,7,7,7,7,7,0,0,0,0,0,0,1,"GACCGGAACTATCGTT"
6,6,6,6,6,6,6,6,6,6,6,0,0,0,0,0,1,0,"CCATGAAGCATAGGCG"
6,6,6,6,6,6,6,6,6,6,6,0,0,0,0,0,1,0,"CCAATTCCAATAAGGT"
7,7,7,7,7,7,7,7,7,7,7,0,0,0,0,0,0,1,"ATGACCGATTGCCGCT"
5,5,5,5,5,5,5,5,5,5,5,0,0,0,0,1,0,0,"TCGCCTGATACTAAGT"
5,5,5,5,5,5,5,5,5,5,5,0,0,0,0,1,0,0,"CAACCGCGCATAGGCG"
7,7,7,7,7,7,7,7,7,7,7,0,0,0,0,0,0,1,"CCATGAAGAGACCGTT"
6,6,6,6,6,6,6,6,6,6,6,0,0,0,0,0,1,0,"CAACCGCGACCATTAT"
7,7,7,7,7,7,7,7,7,7,7,0,0,0,0,0,0,1,"CGTACGTCACTTCTAC"
5,5,5,5,5,5,5,5,5,5,5,0,0,0,0,1,0,0,"CCGCAACGAGCATTGA"
5,7,5,5,5,5,5,5,5,5,5,0,0,0,0,0.9,0,0.1,"CAACCGCGAATAAGGT"
6,6,6,6,6,6,6,6,6,6,6,0,0,0,0,0,1,0,"TCCAACTTTTCTGGTT"
7,7,7,7,7,7,7,7,7,7,7,0,0,0,0,0,0,1,"TCGCCTGAAGACCGTT"
5,5,5,5,5,5,5,5,5,5,5,0,0,0,0,1,0,0,"TCGCCTGAACCGAATT"
5,5,5,5,5,5,5,5,5,5,5,0,0,0,0,1,0,0,"CGGATTACGTCTTCTT"
6,6,6,6,6,6,6,6,6,6,6,0,0,0,0,0,1,0,"TCGCCTGAAGAAGTAA"
6,6,6,6,6,6,6,6,6,6,6,0,0,0,0,0,1,0,"AACTCGTATTGCCGCT"
5,5,5,5,5,5,5,5,5,5,5,0,0,0,0,1,0,0,"CAACCGCGCGATATCC"
5,5,5,5,5,5,5,5,5,5,5,0,0,0,0,1,0,0,"CCAATTCCAGGCCAAG"
6,6,6,6,6,6,6,6,6,6,6,0,0,0,0,0,1,0,"TTCTAATGTCAGATAC"
6,6,6,6,6,6,6,6,6,6,6,0,0,0,0,0,1,0,"TGCTTCGCACTTCTAC"
7,7,7,7,7,7,7,7,7,7,7,0,0,0,0,0,0,1,"CCGCAACGCTGAGGTT"
5,5,5,5,5,5,5,5,5,5,5,0,0,0,0,1,0,0,"CGTACGTCAATAAGGT"
3,3,3,3,3,3,3,3,3,3,3,0,0,1,0,0,0,0,"TCGCCTGAAGCATTGA"
5,5,5,5,5,5,5,5,5,5,5,0,0,0,0,1,0,0,"CCATGAAGGTCTTCTT"
3,3,3,3,3,3,3,3,3,3,3,0,0,1,0,0,0,0,"CGGATTACACCGAATT"
6,6,6,6,6,6,6,6,6,6,6,0,0,0,0,0,1,0,"GACCGGAAAGAAGTAA"
7,7,7,7,7,7,7,7,7,7,7,0,0,0,0,0,0,1,"TGCTTCGCAATATTCG"
6,6,6,6,6,6,6,6,6,6,6,0,0,0,0,0,1,0,"ACTATACTTCCATTGG"
6,6,6,6,6,6,6,6,6,6,6,0,0,0,0,0,1,0,"CCGCAACGTCAGATAC"
6,6,6,6,6,6,6,6,6,6,6,0,0,0,0,0,1,0,"CCGCAACGAGGCCAAG"
7,7,7,7,7,7,7,7,7,7,7,0,0,0,0,0,0,1,"CCATGAAGTCATGCTG"
3,7,3,3,7,3,7,3,3,7,3,0,0,0.6,0,0,0,0.4,"TGCTTCGCACCATTAT"
7,7,5,5,7,5,7,5,5,7,5,0,0,0,0,0.5,0,0.5,"ATGACCGAACTTCTAC"
6,6,6,6,6,6,6,6,6,6,6,0,0,0,0,0,1,0,"CAACCGCGCTATCGTT"
7,7,7,7,7,7,7,7,7,7,7,0,0,0,0,0,0,1,"CGGATTACAGAGAGCC"
3,3,3,3,3,3,3,3,3,3,3,0,0,1,0,0,0,0,"ACTATACTCGATATCC"
6,6,6,6,6,6,6,6,6,6,6,0,0,0,0,0,1,0,"CAACCGCGCTGAGGTT"
6,6,6,6,6,6,6,6,6,6,6,0,0,0,0,0,1,0,"TGCTTCGCACCGAATT"
6,6,6,6,6,6,6,6,6,6,6,0,0,0,0,0,1,0,"ATGACCGATCCATTGG"
7,7,7,7,7,7,7,7,7,7,7,0,0,0,0,0,0,1,"ATGACCGAAGCATTGA"
7,7,7,7,7,7,7,7,7,7,7,0,0,0,0,0,0,1,"CCGCAACGCCGTTGCG"
7,7,7,7,7,7,7,7,7,7,7,0,0,0,0,0,0,1,"AACTCGTAACCATTAT"
3,3,3,3,3,3,3,3,3,3,3,0,0,1,0,0,0,0,"TTGGTTAACCTTGAGC"
7,7,7,7,7,7,7,7,7,7,7,0,0,0,0,0,0,1,"CCAATTCCACCGAATT"
6,6,6,6,6,6,6,6,6,6,6,0,0,0,0,0,1,0,"ATGACCGAAATAAGGT"
5,5,5,5,5,5,5,5,5,5,5,0,0,0,0,1,0,0,"TCCAACTTACCGAATT"
7,7,7,7,7,7,7,7,5,7,7,0,0,0,0,0.1,0,0.9,"TCGCATCTTTCTGGTT"
6,6,6,6,6,6,6,6,6,6,6,0,0,0,0,0,1,0,"CAACCGCGCCGTTGCG"
6,6,6,6,6,6,6,6,6,6,6,0,0,0,0,0,1,0,"CAACCGCGTTCTGGTT"
6,6,6,6,6,6,6,6,6,6,6,0,0,0,0,0,1,0,"GACCGGAAAGACCGTT"
5,5,5,5,5,5,5,5,5,5,5,0,0,0,0,1,0,0,"TCGCCTGATAGATGAC"
7,7,7,7,7,7,7,7,7,7,7,0,0,0,0,0,0,1,"TGCTTCGCCGACGTTA"
6,6,6,6,6,6,6,6,6,6,6,0,0,0,0,0,1,0,"CAACCGCGCAATAGTC"
5,5,5,5,5,5,5,5,5,5,5,0,0,0,0,1,0,0,"TGGACGAGTCCTTATT"
6,6,6,6,6,6,6,6,6,6,6,0,0,0,0,0,1,0,"TCGCATCTAGTCTCCG"
7,5,5,5,7,7,7,5,5,5,5,0,0,0,0,0.6,0,0.4,"TCGCCTGATGCAGTTG"
7,7,7,7,7,7,7,7,7,7,7,0,0,0,0,0,0,1,"CAACCGCGTTGCCGCT"
7,7,7,7,7,7,7,7,7,7,7,0,0,0,0,0,0,1,"TTGGTTAACAATTCGG"
6,6,6,6,6,6,6,6,6,6,6,0,0,0,0,0,1,0,"TTCTAATGTAGATGAC"
6,6,6,6,6,6,6,6,6,6,6,0,0,0,0,0,1,0,"CCGCAACGTACTAAGT"
6,6,6,6,6,6,6,6,6,6,6,0,0,0,0,0,1,0,"CCATGAAGAGGCCAAG"
5,5,5,5,5,5,5,5,5,5,5,0,0,0,0,1,0,0,"ATGACCGAGTCTTCTT"
7,7,7,7,7,7,7,7,7,7,7,0,0,0,0,0,0,1,"ATGACCGAAGGACTCA"
6,6,6,6,6,6,6,6,6,6,6,0,0,0,0,0,1,0,"TGCTTCGCTCAGATAC"
7,7,7,7,7,7,7,7,7,7,7,0,0,0,0,0,0,1,"TCCAACTTAGAAGTAA"
7,7,7,7,7,7,7,7,7,7,7,0,0,0,0,0,0,1,"TTGGTTAAACTTCTAC"
5,5,5,5,5,5,5,5,5,5,5,0,0,0,0,1,0,0,"TTGGTTAACAATAGTC"
5,5,5,5,5,5,5,5,5,5,5,0,0,0,0,1,0,0,"GACCGGAATTCTGGTT"
6,6,6,6,6,6,6,6,6,6,6,0,0,0,0,0,1,0,"TCGCATCTTACTAAGT"
6,6,6,6,6,6,6,6,6,6,6,0,0,0,0,0,1,0,"TCGCCTGACTGAGGTT"
6,6,6,6,6,6,6,6,6,6,6,0,0,0,0,0,1,0,"TCCAACTTAGCATTGA"
7,7,7,7,7,7,7,7,7,7,7,0,0,0,0,0,0,1,"TGCTTCGCTTGCCGCT"
6,6,6,6,6,6,6,6,6,6,6,0,0,0,0,0,1,0,"CCAATTCCAGAGAGCC"
7,7,7,7,7,7,7,7,7,7,7,0,0,0,0,0,0,1,"CCATGAAGAGAGAGCC"
6,6,6,6,6,6,7,6,6,7,6,0,0,0,0,0,0.8,0.2,"TCCAACTTAGAGAGCC"
5,5,5,5,5,5,5,5,5,5,5,0,0,0,0,1,0,0,"CCGCAACGCTATCGTT"
7,7,7,7,7,7,7,7,7,7,7,0,0,0,0,0,0,1,"ACGTAAGTCGATATCC"
6,6,6,6,6,6,6,6,6,6,6,0,0,0,0,0,1,0,"TCGCCTGACGACGTTA"
5,5,5,5,5,5,5,5,5,5,5,0,0,0,0,1,0,0,"TCCAACTTTGCAGTTG"
7,7,7,7,7,7,7,7,7,7,7,0,0,0,0,0,0,1,"CCGCAACGACCGAATT"
5,5,5,5,5,5,5,5,5,5,5,0,0,0,0,1,0,0,"TGCTTCGCCAATTCGG"
5,5,5,5,5,5,5,5,5,5,5,0,0,0,0,1,0,0,"TCCAACTTAATATTCG"
7,7,7,7,7,7,7,7,7,7,7,0,0,0,0,0,0,1,"TCGCCTGAAACTTAAC"
5,5,5,5,5,5,5,5,5,5,5,0,0,0,0,1,0,0,"CGTACGTCTTGCCGCT"
5,5,5,5,5,6,5,6,5,5,5,0,0,0,0,0.8,0.2,0,"TCGCATCTCGAGCTTC"
5,5,5,5,5,5,5,5,5,5,5,0,0,0,0,1,0,0,"ACTATACTCCTTGAGC"
5,5,5,5,5,5,5,5,5,5,5,0,0,0,0,1,0,0,"CCATGAAGACCATTAT"
3,3,3,3,3,3,3,3,3,3,3,0,0,1,0,0,0,0,"ACGTAAGTAATAAGGT"
7,7,7,7,7,7,7,7,7,7,7,0,0,0,0,0,0,1,"CCGCAACGTCATGCTG"
7,7,7,7,7,7,7,7,7,7,7,0,0,0,0,0,0,1,"TCCAACTTAGGACTCA"
6,6,6,6,6,6,6,6,6,6,6,0,0,0,0,0,1,0,"TCGCATCTAGAAGTAA"
6,6,6,6,6,6,6,6,6,6,6,0,0,0,0,0,1,0,"TCGCCTGACAATAGTC"
7,7,7,7,7,7,7,7,7,7,7,0,0,0,0,0,0,1,"TCGCCTGACCTTGAGC"
6,6,6,6,6,6,6,6,6,6,6,0,0,0,0,0,1,0,"ACTATACTGTTCAGAA"
6,6,6,6,6,6,6,6,6,6,6,0,0,0,0,0,1,0,"ACGTAAGTAGGACTCA"
6,6,6,6,6,6,6,6,6,6,6,0,0,0,0,0,1,0,"ACTATACTAGTCTCCG"
6,6,6,6,6,6,6,6,6,6,6,0,0,0,0,0,1,0,"TTCTAATGCATAGGCG"
6,6,6,6,6,6,6,6,6,6,6,0,0,0,0,0,1,0,"ACTATACTACCATTAT"
6,6,6,6,6,6,6,6,6,6,6,0,0,0,0,0,1,0,"ATGACCGATCCTTATT"
3,3,3,3,3,3,3,3,3,3,3,0,0,1,0,0,0,0,"ACGTAAGTTACTAAGT"
5,5,5,5,5,6,5,6,5,5,5,0,0,0,0,0.8,0.2,0,"CGTACGTCGTTCAGAA"
7,7,7,7,7,7,7,7,7,7,7,0,0,0,0,0,0,1,"ATGACCGATGAACCTT"
6,6,6,6,6,6,6,6,6,6,6,0,0,0,0,0,1,0,"CCGCAACGAGGACTCA"
6,6,6,6,6,6,6,6,6,6,6,0,0,0,0,0,1,0,"CGGATTACCCTTGAGC"
6,6,6,6,6,6,6,6,6,6,6,0,0,0,0,0,1,0,"TTCTAATGAGAAGTAA"
6,6,6,6,6,6,6,6,6,6,6,0,0,0,0,0,1,0,"ACTATACTCTATCGTT"
6,6,6,6,6,6,6,6,6,6,6,0,0,0,0,0,1,0,"CCGCAACGAGAAGTAA"
3,3,3,3,3,3,3,3,3,3,3,0,0,1,0,0,0,0,"CCATGAAGAATATTCG"
5,5,5,5,5,5,5,5,5,5,5,0,0,0,0,1,0,0,"CAACCGCGCCTTGAGC"
7,7,7,7,7,7,7,7,7,7,7,0,0,0,0,0,0,1,"ACGTAAGTCTGAGGTT"
6,6,6,6,6,6,6,6,6,6,6,0,0,0,0,0,1,0,"TCCAACTTCTGAGGTT"
6,6,6,6,6,6,6,6,6,6,6,0,0,0,0,0,1,0,"ATGACCGACCTTGAGC"
